INSERT INTO unit VALUES ('kilogram', 'kg', 1, 'SOLID');
INSERT INTO unit VALUES ('gram', 'g', 0.001, 'SOLID');
INSERT INTO unit VALUES ('milligram', 'mg', 0.000001, 'SOLID');
INSERT INTO unit VALUES ('liter', 'l', 1, 'LIQUID');
INSERT INTO unit VALUES ('desiliter', 'dl', 0.1, 'LIQUID');
INSERT INTO unit VALUES ('centiliter', 'cl', 0.01, 'LIQUID');
INSERT INTO unit VALUES ('milliliter', 'ml', 0.001, 'LIQUID');
INSERT INTO unit VALUES ('spiseskje', 'ss', 0.0147867648, 'LIQUID');
INSERT INTO unit VALUES ('teskje', 'ts', 0.00492892159, 'LIQUID');
INSERT INTO unit VALUES ('stykk', 'stk', 1, 'BY_PIECE');

INSERT INTO ingredient VALUES (1, 'ferdig kokt sushiris','kilogram');
INSERT INTO ingredient VALUES (2, 'rå lakseloin','kilogram');
INSERT INTO ingredient VALUES (3, 'liten avokado','stykk');
INSERT INTO ingredient VALUES (4, 'vårløk','stykk');
INSERT INTO ingredient VALUES (5, 'syltet rødløk','kilogram');
INSERT INTO ingredient VALUES (6, 'chilimajones','liter');
INSERT INTO ingredient VALUES (7, 'fiskeburger','stykk');
INSERT INTO ingredient VALUES (8, 'rapsolje','liter');
INSERT INTO ingredient VALUES (9, 'grove burgerbrød','stykk');
INSERT INTO ingredient VALUES (10, 'tzatziki','kilogram');
INSERT INTO ingredient VALUES (11, 'eple','stykk');
INSERT INTO ingredient VALUES (12, 'hjertesalat','stykk');
INSERT INTO ingredient VALUES (13, 'kyllingfilet','kilogram');
INSERT INTO ingredient VALUES (14, 'olje','liter');
INSERT INTO ingredient VALUES (15, 'paprika','stykk');
INSERT INTO ingredient VALUES (16, 'rødløk','stykk');
INSERT INTO ingredient VALUES (17, 'tacokrydder','kilogram');
INSERT INTO ingredient VALUES (18, 'soyasaus','liter');
INSERT INTO ingredient VALUES (19, 'vann','liter');
INSERT INTO ingredient VALUES (20, 'lime','stykk');
INSERT INTO ingredient VALUES (21, 'appelsin','stykk');
INSERT INTO ingredient VALUES (22, 'guacamole','kilogram');
INSERT INTO ingredient VALUES (23, 'store tacolefser','stykk');
INSERT INTO ingredient VALUES (24, 'hvetemel','liter');
INSERT INTO ingredient VALUES (25, 'salt','kilogram');
INSERT INTO ingredient VALUES (26, 'egg','stykk');
INSERT INTO ingredient VALUES (27, 'melk','liter');
INSERT INTO ingredient VALUES (28, 'smør','kilogram');
INSERT INTO ingredient VALUES (29, 'blomkål','stykk');
INSERT INTO ingredient VALUES (30, 'sukkererter','kilogram');
INSERT INTO ingredient VALUES (31, 'små tomater','kilogram');
INSERT INTO ingredient VALUES (32, 'olivenolje','liter');
INSERT INTO ingredient VALUES (33, 'pepper','kilogram');
INSERT INTO ingredient VALUES (34, 'quinoa','liter');
INSERT INTO ingredient VALUES (35, 'agurk','stykk');
INSERT INTO ingredient VALUES (36, 'pistasjnøtter','liter');
INSERT INTO ingredient VALUES (37, 'persille','liter');
INSERT INTO ingredient VALUES (38, 'mynte','liter');
INSERT INTO ingredient VALUES (39, 'hermetiske kikerter','kilogram');
INSERT INTO ingredient VALUES (40, 'sitroner','stykk');
INSERT INTO ingredient VALUES (41, 'fetaost','kilogram');
INSERT INTO ingredient VALUES (42, 'salmaburger','stykk');
INSERT INTO ingredient VALUES (43, 'burgerbrød','stykk');
INSERT INTO ingredient VALUES (44, 'mango','stykk');
INSERT INTO ingredient VALUES (45, 'crispisalat','stykk');
INSERT INTO ingredient VALUES (46, 'baby leaf','stykk');
INSERT INTO ingredient VALUES (47, 'aspargestopper','kilogram');
INSERT INTO ingredient VALUES (48, 'jordbær','stykk');
INSERT INTO ingredient VALUES (49, 'laksefilet','kilogram');
INSERT INTO ingredient VALUES (50, 'hvitløksfedd','stykk');
INSERT INTO ingredient VALUES (51, 'finrevet ingefær','kilogram');
INSERT INTO ingredient VALUES (52, 'rød chili','stykk');
INSERT INTO ingredient VALUES (53, 'basilikum','stykk');
INSERT INTO ingredient VALUES (54, 'Angus biffsnadder','kilogram');
INSERT INTO ingredient VALUES (55, 'brioche baguetter','stykk');
INSERT INTO ingredient VALUES (56, 'sennepsmajones','liter');
INSERT INTO ingredient VALUES (57, 'revet ost','kilogram');
INSERT INTO ingredient VALUES (58, 'søtpotet','stykk');
INSERT INTO ingredient VALUES (59, 'rømme','kilogram');
INSERT INTO ingredient VALUES (60, 'finhakkede urter','kilogram');
INSERT INTO ingredient VALUES (61, 'gresskarkjerner','kilogram');
INSERT INTO ingredient VALUES (62, 'soltørket tomat','kilogram');
INSERT INTO ingredient VALUES (63, 'pasta','kilogram');
INSERT INTO ingredient VALUES (64, 'hvitløk','kilogram');
INSERT INTO ingredient VALUES (65, 'sitron','stykk');
INSERT INTO ingredient VALUES (66, 'kremfløte','liter');
INSERT INTO ingredient VALUES (67, 'parmesan','kilogram');
INSERT INTO ingredient VALUES (68, 'løk','stykk');
INSERT INTO ingredient VALUES (69, 'fersk ingefær','kilogram');
INSERT INTO ingredient VALUES (70, 'tørkede linser','liter');
INSERT INTO ingredient VALUES (71, 'karri','kilogram');
INSERT INTO ingredient VALUES (72, 'grønnsakskraft','liter');
INSERT INTO ingredient VALUES (73, 'hermetiske hakkede tomater','kilogram');
INSERT INTO ingredient VALUES (74, 'kokosmelk','liter');
INSERT INTO ingredient VALUES (75, 'frisk koriander','stykk');
INSERT INTO ingredient VALUES (76, 'halloumi','stykk');
INSERT INTO ingredient VALUES (77, 'ruccola','kilogram');
INSERT INTO ingredient VALUES (78, 'liten rødløk','stykk');
INSERT INTO ingredient VALUES (79, 'plommetomater','stykk');
INSERT INTO ingredient VALUES (80, 'brokkoli','stykk');
INSERT INTO ingredient VALUES (81, 'hermetiske borlottibønner','kilogram');
INSERT INTO ingredient VALUES (82, 'sitronsaft','liter');
INSERT INTO ingredient VALUES (83, 'revet sitronskall','kilogram');
INSERT INTO ingredient VALUES (84, 'ristede pinjekjerner','kilogram');
INSERT INTO ingredient VALUES (85, 'timian','stykk');
INSERT INTO ingredient VALUES (86, 'champignon','kilogram');
INSERT INTO ingredient VALUES (87, 'kyllingkraft','liter');
INSERT INTO ingredient VALUES (88, 'bacon','kilogram');
INSERT INTO ingredient VALUES (89, 'kremost med hvitløk og urter','kilogram');
INSERT INTO ingredient VALUES (90, 'matfløte','liter');
INSERT INTO ingredient VALUES (91, 'svinefilet','kilogram');
INSERT INTO ingredient VALUES (92, 'cherrytomater','stykk');
INSERT INTO ingredient VALUES (93, 'grønn pesto','kilogram');
INSERT INTO ingredient VALUES (94, 'revet parmesan','kilogram');
INSERT INTO ingredient VALUES (95, 'kongereker','stykk');
INSERT INTO ingredient VALUES (96, 'brokkoli eller brokkolini','stykk');
INSERT INTO ingredient VALUES (97, 'grønn asparges','kilogram');
INSERT INTO ingredient VALUES (98, 'red curry paste','kilogram');
INSERT INTO ingredient VALUES (99, 'limesaft','liter');
INSERT INTO ingredient VALUES (100, 'hamburgere','stykk');
INSERT INTO ingredient VALUES (101, 'balsamicoeddik','liter');
INSERT INTO ingredient VALUES (102, 'focaccia','stykk');
INSERT INTO ingredient VALUES (103, 'aioli','liter');
INSERT INTO ingredient VALUES (104, 'olje til pensling','stykk');
INSERT INTO ingredient VALUES (105, 'frisk ingefær','kilogram');
INSERT INTO ingredient VALUES (106, 'gressløk','kilogram');
INSERT INTO ingredient VALUES (107, 'søtpoteter','stykk');
INSERT INTO ingredient VALUES (108, 'babyspinat','kilogram');
INSERT INTO ingredient VALUES (109, 'bringebær','kilogram');
INSERT INTO ingredient VALUES (110, 'reinskav','kilogram');
INSERT INTO ingredient VALUES (111, 'frisk basilikum','kilogram');
INSERT INTO ingredient VALUES (112, 'cashewnøtter','kilogram');
INSERT INTO ingredient VALUES (113, 'fullkornstortilla','stykk');
INSERT INTO ingredient VALUES (114, 'minimais','stykk');
INSERT INTO ingredient VALUES (115, 'kesam','kilogram');
INSERT INTO ingredient VALUES (116, 'spirer','kilogram');
INSERT INTO ingredient VALUES (117, 'olje til steking','stykk');
INSERT INTO ingredient VALUES (118, 'nudler','kilogram');
INSERT INTO ingredient VALUES (119, 'strimlet biffkjøtt','kilogram');
INSERT INTO ingredient VALUES (120, 'rød paprika','stykk');
INSERT INTO ingredient VALUES (121, 'woksaus','liter');
INSERT INTO ingredient VALUES (122, 'granateplekjerner','kilogram');
INSERT INTO ingredient VALUES (123, 'sesamfrø','kilogram');
INSERT INTO ingredient VALUES (124, 'kjøttpølser uten skinn','kilogram');
INSERT INTO ingredient VALUES (125, 'poteter','kilogram');
INSERT INTO ingredient VALUES (126, 'gulrøtter','kilogram');
INSERT INTO ingredient VALUES (127, 'kålrot','kilogram');
INSERT INTO ingredient VALUES (128, 'grønnkål','kilogram');
INSERT INTO ingredient VALUES (129, 'grillede paprika','stykk');
INSERT INTO ingredient VALUES (130, 'fullkornspasta','kilogram');
INSERT INTO ingredient VALUES (131, 'grytekjøtt','kilogram');
INSERT INTO ingredient VALUES (132, 'hermetiske tomater, knuste','kilogram');
INSERT INTO ingredient VALUES (133, 'rødvin','liter');
INSERT INTO ingredient VALUES (134, 'rødvinseddik','liter');
INSERT INTO ingredient VALUES (135, 'kanelstang','stykk');
INSERT INTO ingredient VALUES (136, 'laurbærblad','stykk');
INSERT INTO ingredient VALUES (137, 'oregano, tørket','kilogram');
INSERT INTO ingredient VALUES (138, 'sukker','kilogram');
INSERT INTO ingredient VALUES (139, 'fløte','liter');
INSERT INTO ingredient VALUES (140, 'tomater','stykk');
INSERT INTO ingredient VALUES (141, 'vegetarburger','stykk');
INSERT INTO ingredient VALUES (142, 'hummus','stykk');
INSERT INTO ingredient VALUES (143, 'pølser','kilogram');
INSERT INTO ingredient VALUES (144, 'makaroni, fullkorn','kilogram');
INSERT INTO ingredient VALUES (145, 'rødbeter','stykk');
INSERT INTO ingredient VALUES (146, 'gulrot','stykk');
INSERT INTO ingredient VALUES (147, 'sellerirot','stykk');
INSERT INTO ingredient VALUES (148, 'persillerot','stykk');
INSERT INTO ingredient VALUES (149, 'kylling','stykk');
INSERT INTO ingredient VALUES (150, 'småblandet salat','kilogram');
INSERT INTO ingredient VALUES (151, 'chiafrø','kilogram');
INSERT INTO ingredient VALUES (152, 'malt gurkemeie','kilogram');
INSERT INTO ingredient VALUES (153, 'malt koriander','kilogram');
INSERT INTO ingredient VALUES (154, 'malt cumin','kilogram');
INSERT INTO ingredient VALUES (155, 'rød curry paste','kilogram');
INSERT INTO ingredient VALUES (156, 'vannkastanjer','kilogram');
INSERT INTO ingredient VALUES (157, 'revet hvitost','kilogram');
INSERT INTO ingredient VALUES (158, 'tacosaus','kilogram');
INSERT INTO ingredient VALUES (159, 'grove tortillalefser','stykk');
INSERT INTO ingredient VALUES (160, 'frisk grønn salat','stykk');
INSERT INTO ingredient VALUES (161, 'stangselleri','kilogram');
INSERT INTO ingredient VALUES (162, 'chili','stykk');
INSERT INTO ingredient VALUES (163, 'tomatpure','kilogram');
INSERT INTO ingredient VALUES (164, 'hermetiske tomater','kilogram');
INSERT INTO ingredient VALUES (165, 'frisk oregano','kilogram');
INSERT INTO ingredient VALUES (166, 'kvernet pepper','kilogram');
INSERT INTO ingredient VALUES (167, 'kjøttdeig','kilogram');
INSERT INTO ingredient VALUES (168, 'sjalottløk','stykk');
INSERT INTO ingredient VALUES (169, 'creme fraiche','kilogram');
INSERT INTO ingredient VALUES (170, 'sweet chilisaus','kilogram');
INSERT INTO ingredient VALUES (171, 'skivet ost','kilogram');
INSERT INTO ingredient VALUES (172, 'rørsukker','kilogram');
INSERT INTO ingredient VALUES (173, 'bakepulver','kilogram');
INSERT INTO ingredient VALUES (174, 'paibunn','stykk');
INSERT INTO ingredient VALUES (175, 'VegMe boller','kilogram');
INSERT INTO ingredient VALUES (176, 'matolje','liter');
INSERT INTO ingredient VALUES (177, 'karripulver','kilogram');
INSERT INTO ingredient VALUES (178, 'rosépepper','kilogram');
INSERT INTO ingredient VALUES (179, 'riseddik','liter');
INSERT INTO ingredient VALUES (180, 'flytende honning','liter');
INSERT INTO ingredient VALUES (181, 'maizena','kilogram');
INSERT INTO ingredient VALUES (182, 'peanøtter','kilogram');
INSERT INTO ingredient VALUES (183, 'grillet kylling','stykk');
INSERT INTO ingredient VALUES (184, 'spagetti','kilogram');
INSERT INTO ingredient VALUES (185, 'hakket bladpersille','kilogram');
INSERT INTO ingredient VALUES (186, 'potetsalat','kilogram');
INSERT INTO ingredient VALUES (187, 'rød pesto','kilogram');
INSERT INTO ingredient VALUES (188, 'romano mix','stykk');
INSERT INTO ingredient VALUES (189, 'Pulled Vegme','kilogram');
INSERT INTO ingredient VALUES (190, 'glassnudler','kilogram');
INSERT INTO ingredient VALUES (191, 'revet ingefær','kilogram');
INSERT INTO ingredient VALUES (192, 'sesamolje','liter');
INSERT INTO ingredient VALUES (193, 'reddiker','stykk');
INSERT INTO ingredient VALUES (194, 'koriander','stykk');
INSERT INTO ingredient VALUES (195, 'hakkede, salte peanøtter','liter');
INSERT INTO ingredient VALUES (196, 'rødkål','stykk');
INSERT INTO ingredient VALUES (197, 'syltet jalapeno','liter');
INSERT INTO ingredient VALUES (198, 'mais','liter');
INSERT INTO ingredient VALUES (199, 'revet cheddarost','liter');
INSERT INTO ingredient VALUES (200, 'spinat','kilogram');
INSERT INTO ingredient VALUES (201, 'revet muskat','kilogram');
INSERT INTO ingredient VALUES (202, 'rugbrødtoast','stykk');
INSERT INTO ingredient VALUES (203, 'VegMe vegoboller','kilogram');
INSERT INTO ingredient VALUES (204, 'kål','kilogram');
INSERT INTO ingredient VALUES (205, 'purre','kilogram');
INSERT INTO ingredient VALUES (206, 'frisk persille','kilogram');
INSERT INTO ingredient VALUES (207, 'aspargesbønner','kilogram');
INSERT INTO ingredient VALUES (208, 'vegetarbiter','kilogram');
INSERT INTO ingredient VALUES (209, 'kokosflak','liter');
INSERT INTO ingredient VALUES (210, 'frisk ananas','stykk');
INSERT INTO ingredient VALUES (211, 'kjøttboller','kilogram');
INSERT INTO ingredient VALUES (212, 'paprika, strimlet','stykk');
INSERT INTO ingredient VALUES (213, 'pastasaus','kilogram');
INSERT INTO ingredient VALUES (214, 'reinsdyrskav','kilogram');
INSERT INTO ingredient VALUES (215, 'erter','kilogram');
INSERT INTO ingredient VALUES (216, 'sjampinjonger','kilogram');
INSERT INTO ingredient VALUES (217, 'kraft','liter');
INSERT INTO ingredient VALUES (218, 'einebær','stykk');
INSERT INTO ingredient VALUES (219, 'brunost','liter');
INSERT INTO ingredient VALUES (220, 'tyttebær','liter');

INSERT INTO recipes VALUES (UNHEX(REPLACE('df30c39c-60cc-4721-8319-f52710120a2b', '-','')), 'Vi har testet den virale trenden sushivaffel. Du finner den også under Sushi Waffles, og Crispy Rice Waffles på TikTok. Dette tipset fungerer aller best om du bruker sushiris, så har du rester fra sushi i går, kan dette være den perfekte lunsj neste dag. Vi topper med laks, avokado, syltet rødløk og chilimajo.', 20, 'https://res.cloudinary.com/norgesgruppen/images/c_scale,dpr_auto,f_auto,q_auto:eco,w_1600/tcqi3anqwhvbgpag7tmx/sushivaffel', 'Dersom du ikke har rester av sushiris, lager den denne først. [Se oppskrift på sushiris her](/tema/fisk/sushi/sushiris/)

Skjær lakseloin og avokado i små terninger. Hakk vårløk i tynne ringer.

Bruk en spiseskje og ha ferdig kokt sushiris i vaffeljernet. Lukk lokket og stek til risen begynner å bli sprø og litt gyllen i kantene. Ta den forsiktig ut med en stekespade og legg over på en tallerken.

Topp med laks, avokado, vårløk, syltet rødløk og chilimajones.', 'Sushivaffel', 'MEDIUM');
INSERT INTO recipes VALUES (UNHEX(REPLACE('fcf5def2-1b3a-4aee-993f-591076785a3f', '-','')), 'Oppskrift på enkel fiskeburger med fiskekake, syrlig eple og tzatziki. Server til lunsj eller middag med grove burgerbrød. Litt sunnere middag på under 20 minutter, for hele familien.', 60, 'https://res.cloudinary.com/norgesgruppen/images/c_scale,dpr_auto,f_auto,q_auto:eco,w_1600/e0u40qtmhoxfnbzqi93c/fiskeburger-med-tzatziki-og-eple', 'Stek fiskeburgerne i rapsolje på middels varme i to minutter på hver side.

Varm burgerbrødene midt i ovnen på 180 grader i 2-3 minutter.

Kutt eplet i tynne staver eller skiver.

Del burgerbrødene i to og legg tzatzikien på bunnene. Legg deretter på hjertesalat, fiskeburger og eplestaver.', 'Fiskeburger med tzatziki og eple', 'MEDIUM');
INSERT INTO recipes VALUES (UNHEX(REPLACE('adafb387-93f5-48eb-aeac-64a8f5f756a3', '-','')), 'Oppskrift på enkel og rask fajitas med kylling, paprika, rødløk og guacamole. En spennende Tex-Mex med tacokrydder rett servert med kjempegodt tilbehør. Topp med frisk koriander! Du kan også bytte ut kyllingen med strimlede biter av biff.', 40, 'https://res.cloudinary.com/norgesgruppen/images/c_scale,dpr_auto,f_auto,q_auto:eco,w_1600/a5rfcedwqb8y3d0sgzm6/kylling-fajitas', 'Stek kyllingstrimlene i olje til de er gylne. Tilsett paprika og rødløk. Stek i ytterligere 3 minutter.

Ha tacokrydder, soyasaus, vann, saften av 1/2 lime og saften av 1 appelsin i stekepanna og la koke i 5 minutter.

Varm lefsene i aluminiumsfolie i ovnen på 180 grader i 5 minutter.

Fyll lefsene med guacamole og kyllingblandingen. Server limebåter ved siden av som presses over kjøttet.', 'Kylling fajitas', 'ADVANCED');
INSERT INTO recipes VALUES (UNHEX(REPLACE('ccfa1ed3-f20b-4d80-8ffa-ac4ccf4f616c', '-','')), 'Vår beste oppskrift på pannekakerøre til klassiske pannekaker. Pannekakene kan serveres med syltetøy til frokost, med ost og skinke til middag eller med is og sjokolade til dessert - her er det bare fantasien som setter grenser! Oppskriften gir ca. 8-10 pannekaker.', 20, 'https://res.cloudinary.com/norgesgruppen/images/c_scale,dpr_auto,f_auto,q_auto:eco,w_1600/ovcodoppihwu2kqayrmz/pannekaker', '**Pannekakerøre:** Begynn med å blande salt og mel, og ca. halvparten av melken. Visp sammen til røren er klumpfri.

Rør inn eggene, resten av melken og smeltet smør. Dersom du synes den blir for tynn kan du tilsette litt ekstra mel.

**Stek pannekakene:** Smelt litt smør i en varm stekepanne. Bruk en øse til å helle i røre til et tynt lag dekker mesteparten av bunnen.

Stek pannekaken på middels sterk varme i 1–2 minutter, eller til røren har stivnet på oversiden. Vend pannekaken og stek omtrent like lenge på den andre siden.

Topp gjerne pannekakene med sprøstekt bacon og lønnesirup.

Eller med bær og syltetøy.', 'Pannekaker', 'MEDIUM');
INSERT INTO recipes VALUES (UNHEX(REPLACE('c8ff84b3-8bbc-4b61-b064-5e09429b878b', '-','')), 'Oppskrift på ovnsbakt kylling med blomkålris, appelsin, sukkererter og søte, små tomater. Se video for hvordan lage hjemmelaget blomkålris.', 40, 'https://res.cloudinary.com/norgesgruppen/images/c_scale,dpr_auto,f_auto,q_auto:eco,w_1600/atsdvp0kp4mhlthm3apr/kylling-med-blomkalris-og-appelsin', 'Brun kyllingen raskt i en varm stekepanne, til den har fått en stekeskorpe på alle kanter.

Ha kyllingfiletene over i en ildfast form. Stek midt i ovnen på 180 grader til de har en kjernetemperatur på 68 grader. Dette tar ca 30 minutter.

La kyllingen hvile i 5 minutter før den skjæres i skiver og serveres.

Riv blomkålen på et grovt rivjern. Stek blomkålrisen i litt olje eller smør på middels varme i 2-3 minutter. Krydre med salt og pepper. Dra stekeplaten av varmen og vend inn sukkererter, appelsin og cherrytomater.', 'Kylling med blomkålris og appelsin', 'ADVANCED');
INSERT INTO recipes VALUES (UNHEX(REPLACE('ed87d9c7-25ae-4bad-8142-e4292312ec41', '-','')), 'Oppskrift på Jennifer Aniston salad, kjent fra sosiale medier. En skikkelig digg quinoasalat med urter, nøtter, kikerter og fetaost. Denne salaten er veldig populær da ryktene sier at Jennifer Aniston spiste denne hver dag under innspillingen av Friends.', 40, 'https://res.cloudinary.com/norgesgruppen/images/c_scale,dpr_auto,f_auto,q_auto:eco,w_1600/ossqly7akmzy3xxshibw/jennifer-aniston-salat', 'Kok quinoaen eller bulguren etter anvisningen på pakken i vann eller grønnsakskraft. Avkjøl og rør den luftig med en gaffel og ha det i en bolle.

Skrell og kutt agurken i terninger. Grovhakk pistasjnøtter og finhakk persille, mynte og rødløk.

Skyll kikertene i en dørslag og de i bolle sammen med agurk, persille, mynte, rødløk, pistasjnøtter, sitronsaft og olivenolje. Smak til med salt og pepper.

Smuldre fetaosten over salaten og server.', 'Jennifer Aniston salat', 'MEDIUM');
INSERT INTO recipes VALUES (UNHEX(REPLACE('c362a304-f3a9-4c38-a1c9-5e330929da62', '-','')), 'Oppskrift på saftig lakseburger med kuttet mango og guacamole. Burgeren trenger kun få minutter i stekepannen, så denne familievennlige middagen er klar på kort tid. Guacamole kan du kjøpe ferdig, eller lage selv. [Se egen oppskrift her.](/oppskrifter/Sauser-og-dressinger/Dipper/Hjemmelaget-guacamole/)', 60, 'https://res.cloudinary.com/norgesgruppen/images/c_scale,dpr_auto,f_auto,q_auto:eco,w_1600/iwqbzwysllnxglsdcoyx/lakseburger-med-mango', 'Krydre lakseburgerne med salt og pepper. Stek dem så i litt rapsolje til de såvidt er gjennomstekt. Dette tar ca 1-2 minutter på hver side.

Varm burgerbrødene midt i ovnen, på 160 grader i 2-3 minutter.

Skrell mangoen og kutt fruktkjøttet i terninger eller strimler.

Ha guacamole på bunnen av burgerbrøene. Legg på salmaburgerne og topp med mango før du legger på burgertoppen.', 'Lakseburger med mango', 'EASY');
INSERT INTO recipes VALUES (UNHEX(REPLACE('a672db58-7c08-4e1f-989d-8b0aff3ed0e3', '-','')), 'Oppskrift på Philly cheese steak med saftige biffstrimler. I denne oppskriften bruker vi Angus biffsnadder, som du får kjøpt ferdig på Meny. Topp baguetten med paprika, revet ost, og sennepsmajones, for et raskt og utrolig godt måltid. Server som digg lunsj eller middag.', 20, 'https://res.cloudinary.com/norgesgruppen/images/c_scale,dpr_auto,f_auto,q_auto:eco,w_1600/lorgmsncreofwykdcquw/philly-cheese-steak-med-biff', 'Skjær paprika i strimler. Stek biff og paprika i olje i en stekepanne i ca. 5 minutter, til kjøttet er gyllent og gjennomvarmt.

Del baguettene i to på langs, og ha sennepsmajones på alle delene.

Legg bunnen av baguettene på et stekebrett. Ha på biffsnadder, paprika og revet ost. Legg på toppene av baguettene.

**Stek baguettene midt i ovnen på 200 grader** i ca. 5 minutter, eller til osten har smeltet. Server umiddelbart.', 'Philly cheese steak med biff', 'EASY');
INSERT INTO recipes VALUES (UNHEX(REPLACE('9e1b9b91-f016-4907-9739-5d91ff634c5c', '-','')), 'En kjempegod og syrlig oppskrift på pasta al limone. Pasta med sitron er en pastarett som går fort å lage og fint kan serveres i hverdagen. Hvis du har ekstra god tid kan du også lage pastaen selv ved å følge [denne oppskriften på hjemmelaget pasta](oppskrifter/Pasta/Hjemmelaget-pasta/)', 40, 'https://res.cloudinary.com/norgesgruppen/images/c_scale,dpr_auto,f_auto,q_auto:eco,w_1600/vmw8vubj629fj1o9vbiu/pasta-al-limone', 'Fres finhakket hvitløk i smør i en stekepanne i 2 minutter. Tilsett kremfløte og la koke i 5 minutter til fløten tykner litt.

Vend inn halvparten av parmesanen og revet skall av sitronene. Smak til sausen med salt, pepper og sitronsaft.

Kok pastaen etter anvisningen på pakken. Sil av vannet og vend pastaen inn i sitronsausen.

Vend inn finhakket persille. Server pastaen og topp med resten av parmesanen.', 'Pasta al limone', 'ADVANCED');
INSERT INTO recipes VALUES (UNHEX(REPLACE('50c4fb14-2c59-4db3-8f0e-febdcd266df1', '-','')), 'Oppskrift på kjempegod kjøttfri gryte med smaker fra India. Her får du både røde linser, grønnsakskraft, hvitløk, chili, ingefær og annet som gir denne retten masse smak. Server gjerne med naan brød og kokt ris.', 40, 'https://res.cloudinary.com/norgesgruppen/images/c_scale,dpr_auto,f_auto,q_auto:eco,w_1600/yzbs45mfmlcqbiyuqr9g/linsegryte-med-chili-og-ingefaer', 'Varm rapsoljen i en kjele. Ha i løk, hvitløk, ingefær og chili. La frese i 2 minutter.

Ha i linsene og karrien. La frese i ytterligere 2 minutter under omrøring.

Ha i hermetiske tomater, grønnsakskraft, kokosmelk og lime og la koke til linsene er møre. Dette tar ca. 20 minutter.

Topp linsegryten med vårløk og koriander like før servering.', 'Linsegryte med chili og ingefær', 'EASY');
INSERT INTO recipes VALUES (UNHEX(REPLACE('7c733a2a-fcc3-4ef8-8bde-12bacd060b75', '-','')), 'Oppskrift på mettende vegetarsalat med grillet halloumi, ruccola, tomater og bønner. En frisk og fargerik salat, perfekt på våren og sommeren. Salaten er enkel å lage, og de milde smakene passer til hele familien. Halloumi er en fyldig ost som egner seg godt på grillen, og som smaker best når den er varm.', 20, 'https://res.cloudinary.com/norgesgruppen/images/c_scale,dpr_auto,f_auto,q_auto:eco,w_1600/v73smoi5qlssoobjlysy/halloumisalat', 'Bland sammen ruccola, hakkede tomater, finhakket rødløk, brokkoli, bønner, olivenolje, sitronsaft og -skall og pinjekjerner i en bolle.

Skjær halloumien i skiver. Pensle skivene med rapsolje og krydre med pepper.

Grill halloumiskivene på direkte varme i 1 minutt på hver side.

Anrett salaten på et fat og topp med grillet halloumi.', 'Halloumisalat', 'ADVANCED');
INSERT INTO recipes VALUES (UNHEX(REPLACE('bb294ced-18d0-4e80-8e31-a1745a9a7ab3', '-','')), 'Dette er en oppskrift på rask og smakfull kyllinggryte med sopp, bacon, løk, kremost og urter. Et godt middagstips med kylling for hele familien, til hverdag eller helg!', 20, 'https://res.cloudinary.com/norgesgruppen/images/c_scale,dpr_auto,f_auto,q_auto:eco,w_1600/tinsvtc5zngnfti0bql3/kremet-kyllinggryte-med-bacon', 'Hakk løk og hvitløk. Del opp kyllingfiletene i terninger. Del champignonen i biter og skjær opp bacon i små terninger.

Brun kyllingen i en stekepanne, legg til side. Stek soppen, legg den og til side.

Stek løk, bacon og hvitløk. Ha tilbake kylling og sopp i pannen. Krydre med timian.

Ha over kremost, matfløte og kyllingfonden. La småkoke til kyllingen er mør.

Smak til med salt og pepper.', 'Kremet kyllinggryte med bacon', 'EASY');
INSERT INTO recipes VALUES (UNHEX(REPLACE('76e549a0-cb84-4066-825b-2df510c78199', '-','')), 'Oppskrift på enkel pasta med saftig svinefilet og grønn pesto.  Dryss gjerne litt revet parmesan over rett før servering.', 40, 'https://res.cloudinary.com/norgesgruppen/images/c_scale,dpr_auto,f_auto,q_auto:eco,w_1600/vyuanbotuul99ikiwgkd/pasta-med-svinefilet-og-pesto', 'Kok pastaen etter anvisningen på pakken.

Skjær svinefiletene i fingertykke skiver. Krydre skivene med salt og pepper. Stek dem i rapsolje til de er gjennomstekte. Dette tar ca 3 minutter på hver side.

Stek cherrytomatene i pannen sammen med kjøttet de siste 2 minuttene.

Server pastaen med svinefileten, pesto og cherrytomater.', 'Pasta med svinefilet og pesto', 'ADVANCED');
INSERT INTO recipes VALUES (UNHEX(REPLACE('f197305f-b798-41d2-b069-6a8cd459eb08', '-','')), 'Oppskrift på red curry med kongereker, også kalt scampi eller villreker. Sausen er krydret og god, med brokkoli, asparges og kokosmelk.', 60, 'https://res.cloudinary.com/norgesgruppen/images/c_scale,dpr_auto,f_auto,q_auto:eco,w_1600/pvobc5hso4fxbq1cajri/red-curry-med-kongereker', 'Start med å skrelle kongerekene. Ta av hodet og rens resten som en «vanlig» reke. Behold halen på. Skjær et snitt langs toppen av rekene, og ta ut den mørke strengen.

Stek rekene i oljen i en stekepanne i 1 minutt på hver side. Løft rekene ut og legg dem på en tallerken.

Ha chili, brokkoli, rødløk og asparges i stekepanna og stek i 1 minutt.

Ha i red curry paste og la frese i ytterligere 1 minutt. Ha i kokosmelken og la koke til grønnsakene er møre, og sausen tykner litt.

Ha rekene tilbake i stekepanna og la rekene varmes raskt i red curryen.

Smak til med limesaft, salt og pepper.', 'Red curry med kongereker', 'EASY');
INSERT INTO recipes VALUES (UNHEX(REPLACE('114bdc86-f68f-4a5e-a835-c8a67cbec4e6', '-','')), 'Visste du at focaccia egner seg godt som hamburgerbrød? Prøv en enkel oppskrift på hamburger i focaccia med grillet løk og aioli.', 60, 'https://res.cloudinary.com/norgesgruppen/images/c_scale,dpr_auto,f_auto,q_auto:eco,w_1600/xsqyngvrt3n1ucwyl5bx/hamburger-i-focaccia-med-grillet-lok-og-aioli', 'Skjær løken, med skall, i tykke skiver. Pensle med olje og grill eller stek løkskivene, ca. 5 min. på hver side. Fjern skallet, ha over eddik og olje og krydre med salt og pepper. Hakk koriander og strø over.

Pensle burgerne med olje og krydre med salt og pepper. Grill eller stek hamburgerne på sterk varme, ca. 5 min. på hver side.

Varm focacciaen på grillen eller i ovnen på 200 grader. Del focacciaen i fire biter og snitt bitene på langs. Strimle og anrett salat på brødbunnene, topp med burgere, grillet løk, aioli og brød.', 'Hamburger i focaccia med grillet løk og aioli', 'EASY');
INSERT INTO recipes VALUES (UNHEX(REPLACE('64e51af7-cc17-4a69-ab76-49fa5496b2ed', '-','')), 'Ovnsbakt søtpotet er enkelt og veldig godt! Denne kan du fylle med nesten hva du vil, og servere som tilbehør eller hovedrett. Her lager vi enkel søtpotet med hjemmelaget urtesmør. Server gjerne til grillmat.', 20, 'https://res.cloudinary.com/norgesgruppen/images/c_scale,dpr_auto,f_auto,q_auto:eco,w_1600/qwyubugjwl0upme0iv6d/bakt-sotpotet-med-ingefaer-og-gressloksmor', 'Vask søtpotetene og stikk dem et par ganger med en gaffel. Legg aluminiumsfolie i en ildfast form, dryss over havsalt og legg søtpotetene over saltet. Bak på grill eller i ovn på 200 grader i cirka 45 minutter, til søtpotetene er helt møre. Dersom du bruker grillen trenger du ikke den ildfaste formen, kun aluminiumsfolie.

Gressløksmør: Grovhakk en liten bunt med gressløk og bland det med romtemperert smør og revet ingefær, kjør i hurtigmikser eller bruk stavmikser. Bruk bakepapir eller plastfilm til å rulle smøret til en pølse, og sett i kjøleskapet.

Server søtpotetene sammen med salt, pepper og gressløkssmøret.', 'Bakt søtpotet med ingefær og gressløksmør', 'MEDIUM');
INSERT INTO recipes VALUES (UNHEX(REPLACE('7615677f-8ff7-4560-bb8d-b797324513ed', '-','')), 'Enkel oppskrift på kyllingfilet, stekt blomkålris, spinat og tzatziki. Friske bær eller frukt som appelsin er også godt tilbehør. Rask middag som hele familien vil like. Se i video  hvordan du lager blomkålris.', 20, 'https://res.cloudinary.com/norgesgruppen/images/c_scale,dpr_auto,f_auto,q_auto:eco,w_1600/jmkbcr95bymztulfgaiu/stekt-kylling-med-blomkalris', '**Steke kylling** Krydre kyllingfiletene med salt og pepper. Brun kyllingfiletene i olje i en stekepanne til de er gylne på begge sider. Ha dem så i en ildfast form, midt i ovnen på 180 grader, og stek til kyllingfiletene er gjennomstekt. Dette tar ca. 15-20 minutter.

**Grille kylling** Du kan også grille kyllingen i ca. 2 minutter på hver side på høy direkte varme og legg dem deretter over på indirekte varme, sett om mulig på lokk. Bruk aller helst steketermometer. Når filetene har en kjernetemperatur på 68 grader er de ferdige.

**Blomkålris og spinat** Mens kyllingen er i ovnen lager du resten. Start med å rive blomkålen på et grovt rivjern.

Stek så blomkålrisen og spinaten i samme panne som du brunet kyllingen i, da får disse ekstra god smak. La steke i ca 2 minutter og smak til med salt og pepper. Rør underveis, og tilsett ekstra smør ved behov.

Server med tzatziki.', 'Stekt kylling med blomkålris', 'ADVANCED');
INSERT INTO recipes VALUES (UNHEX(REPLACE('3bcc728b-e2af-4e93-95f1-ff09a0b0c61a', '-','')), 'Denne oppskriften på wraps med reinsdyr og nøtter ser ikke bare god ut, men smaker himmelsk! En sunn favorittrett som lett kan tas med i hånda, eller pakkes i matboksen.', 20, 'https://res.cloudinary.com/norgesgruppen/images/c_scale,dpr_auto,f_auto,q_auto:eco,w_1600/pkgtxixemqvrf46vtr71/fullkornswrap-med-reinskav-og-cashewnotter', 'Sunn favorittrett til matboksen. Bland gjerne litt frikse eller frosne tyttebær med kjøttet eller server med en søt-syrlig chutney.

Finhakk løk, hvitløk, basilikum og ingefær. Hakk nøtter og skjær grønnsaker i strimler.

Brun kjøttet i olje på høy varme, tilsett nøtter, grønnsaker, ingefær og hvitløk. Smak til med salt og pepper.

Vend inn basilikum, kesam og spirer. Fyll lefsene, rull tett sammen og server.

Godt og enkelt! Næringsinnhold pr 100 g: energi kcal 140, protein 12,5 g, karbohydrat 12 g, fett 4,2 g, derav mettet fett; 1,1 g, salt, 0,3 g. Utviklet i samarbeid med matforskningsinstituttet Nofima.', 'Fullkornswrap med reinskav og cashewnøtter', 'MEDIUM');
INSERT INTO recipes VALUES (UNHEX(REPLACE('cbfbc355-9aed-4030-b86d-9e90834455be', '-','')), 'Asiatisk wok med strimlet biffkjøtt av storfe og grønnsaker som sprø paprika, søt mango, toppet med granateple og sesamfrø. Vi anbefaler woksaus fra MENY, velg mellom hoisin eller szechuan. Litt sunnere og enkelt middagtips for hele familien.', 20, 'https://res.cloudinary.com/norgesgruppen/images/c_scale,dpr_auto,f_auto,q_auto:eco,w_1600/wzbat0qumkf8ld4jacal/biffwok-med-nudler-og-mango', 'Kok nudlene etter anvisning på pakken. Hell av vannet.

Stek biffstrimlene raskt i olje i en wok- eller stekepanne på høy varme til de er gylne.

Kutt opp paprika, mango og vårløk, og tilsett i pannen. Stek i ytterligere 1 minutt.

Ha nudler og woksaus i panna og stek under omrøring til alt er varmt.

Vend inn spinaten og la woken hvile i 1 minutt før servering. Server woken i boller og topp med granateplekjerner og sesamfrø.', 'Biffwok med nudler og mango', 'MEDIUM');
INSERT INTO recipes VALUES (UNHEX(REPLACE('aa15a75d-2234-46b7-8640-463727d28197', '-','')), 'Oppskrift på pølser med rotgrønnsaker. Superrask og enkel pølserett som alle liker! Perfekt som middag i høst.', 20, 'https://res.cloudinary.com/norgesgruppen/images/c_scale,dpr_auto,f_auto,q_auto:eco,w_1600/ji6yxeumuhi999fu7u7r/rokte-kjottpolser-med-smordampede-rotgronnsaker', 'Superrask og enkel pølserett som alle liker! Varier med brokkoli og blomkål eller grønnsaker etter smak.

Skrell og del poteter og grønnsaker i biter, og kok dem møre lettsaltet vann, ca, 8 min.

Hell av vannet og tilsett smør, og la smøret smelte under lokk.

Del pølsene på langs og stek dem gyllne i smør, ca. 2 min. på hver side og server med rotgrønnsaker og smørsjy.', 'Røkte kjøttpølser med smørdampede rotgrønnsaker', 'ADVANCED');
INSERT INTO recipes VALUES (UNHEX(REPLACE('063de78a-92ed-4549-90d7-96c33c6a916b', '-','')), 'Supersunn grønnkål passer utmerket sammen med aromatisk sitrus og saftig kylling. Dette er en pastarett med masse god smak og fylde som hele familien vil elske.', 20, 'https://res.cloudinary.com/norgesgruppen/images/c_scale,dpr_auto,f_auto,q_auto:eco,w_1600/h4pt3pam99rch6qcmcaz/fullkornspasta-med-kremet-gronnkal', 'Kok fullkornspasta som anvist på pakken.

Stek kyllingstrimler, finhakket løk og finrevet sitronskall i olivenolje til kyllingen er godt brunet på alle sider.

Tilsett finstrimlet grønnkål, finhakket hvitløk og grillet paprika. La alt frese et par minutter. Det vil se ut som veldig mye grønnkål til å begynne med, men akkurat som med spinat, faller grønnkålen sammen når den blir varmebehandlet. Tilsett fløte og smak til med salt og pepper.

Bland inn den nykokte pastaen og dryss godt med finrevet parmesan og basilikum over helt til slutt.', 'Fullkornspasta med kremet grønnkål', 'MEDIUM');
INSERT INTO recipes VALUES (UNHEX(REPLACE('3145dedb-a3c4-4e93-8ac7-cf9758bc6006', '-','')), 'Stifado er en gresk kjøttgryte full av nydelige middelhavssmaker. Om du har vært i Hellas er det store muligheter for at du har fått servert denne tradisjonelle retten. Har du lyst til å lage hjemmelaget stifado er dette en enkel gryterett som nesten lager seg selv. Du kan bruke mange typer kjøtt som f.eks. høyrygg eller oksebog.', 40, 'https://res.cloudinary.com/norgesgruppen/images/c_scale,dpr_auto,f_auto,q_auto:eco,w_1600/ptqrrt94crsh0saqu78c/stifado', 'Skjær kjøttet i terninger og stek i flere omganger i olivenolje i en varm stekepanne til det har fått en fin bruning på alle sider.

Ha kjøttet over i en stor kasserolle etter hvert som det blir ferdig.

Surr løk og hvitløk i litt olje til det blir blankt og ha over i kasserollen. Tilsett hermetiske tomater, rødvin, rødvinseddik og hele krydder.

La det hele trekke under lokk i ca. 2-3 timer, eller til kjøttet er mørt.  Smak til med salt, pepper, oregano og sukker.

Server med en gresk salat, kokt ris eller godt brød.', 'Stifado', 'MEDIUM');
INSERT INTO recipes VALUES (UNHEX(REPLACE('32274acc-bf5b-4f26-b64a-7c25c0c47b1c', '-','')), 'Gratinert kyllingform er en enkel og god middag. I gratengen kan du gjerne ha rester. Topp kylling og grønnsaker med fløte og ost før gratinering. En ovnsrett som nesten lager seg selv!', 40, 'https://res.cloudinary.com/norgesgruppen/images/c_scale,dpr_auto,f_auto,q_auto:eco,w_1600/dqqfkbwdc2spozvndlf5/kyllinggrateng-med-gronnsaker', 'Varier med grønnsaker og ost etter egen smak og hva du har av rester i kjøleskapet.

Skjær løk og paprika i terninger og tomat og kylling i skiver. Dekk bunnen i en smurt ildfast form med tomatskiver, ha i kyllingskivene og topp med løk og paprika.

Press hvitløk og ha i fløten, krydre med salt og pepper og hell fløteblandingen i formen. Riv parmesan og dryss over.

Stek gratengen i ovnen i ca. 20 min. på 200 °C. Ved større porsjoner, eller liten form hvor kyllingen blir liggende i flere lag, kan steketiden forlenges noe.

Server gjerne med godt brød, kokt ris eller grønn salat.', 'Kyllinggrateng med grønnsaker', 'ADVANCED');
INSERT INTO recipes VALUES (UNHEX(REPLACE('20d98b95-0733-4688-928c-be5115c5a124', '-','')), 'Prøv vår oppskrift på saftig vegetar burger med chunky hummus. Vi serverer burgeren med grove burgerbrød, ruccola og tomater, men du kan også variere toppingen med det du liker best. Tilbered i panne eller på grill, og du har en rask og veldig god middag!', 20, 'https://res.cloudinary.com/norgesgruppen/images/c_scale,dpr_auto,f_auto,q_auto:eco,w_1600/rccyu88xgdygup7ljffd/vegetarburger-med-hummus', 'Stek vegetarburgerne i rapsolje i ca. 3 minutter på hver side, til de er gylne og gjennomvarme.

Varm burgerbrødene i et par minutter midt i ovnen på 180 grader, eller på grillen.

Del burgerbrødene i to og fordel hummus og halvparten av ruccolaen på nederste del. Legg på burgerne og topp med mer ruccola. Server!', 'Vegetarburger med hummus', 'EASY');
INSERT INTO recipes VALUES (UNHEX(REPLACE('fe451a7b-8f10-41c7-8c67-1c4645b2b217', '-','')), 'Enkel og god pølsegrateng med grønnsaker, makaroni og ost på toppen. En barnevennlig hverdagsrett som metter mange.', 20, 'https://res.cloudinary.com/norgesgruppen/images/c_scale,dpr_auto,f_auto,q_auto:eco,w_1600/cwd6wtsuig1937w0ml0f/polsegrateng-med-gronnsaker', 'Sett ovnen på 200 grader og kok makaronien etter anvisning på pakken.

Smelt smøret i en kjele ved middels varme. Tilsett melet og rør det godt inn slik at det blir en tykk og jevn masse. La det surre under omrøring i ca 2 minutter.

Tilsett melk, litt om gangen, og rør godt med en visp. Kok opp under omrøring. La sausen småkoke i ca 5 minutter. Rør av og til og smak til med salt og pepper.

Kutt pølser i skiver og stek dem raskt i smør sammen med kuttet paprika, løk og vårløk.

Vend kokt makaroni inn i den hvite sausen sammen med pølseblandingen og halvparten av osten.

Ha alt i en ildfast form og strø over resten av osten.

Stek formen i ovnen på 200 grader til osten er gyllen. Dette tar ca 15 minutter. Server gjerne pølsegratengen med en frisk grønn salat, grovt brød og en salsa til.', 'Pølsegrateng med grønnsaker', 'ADVANCED');
INSERT INTO recipes VALUES (UNHEX(REPLACE('66b92cad-d5b1-434f-aea5-4142f6553827', '-','')), 'Lun kyllingsalat med saftig kylling og det beste av høstens grønnsaker. Lag en smakfull lunsj eller lett middag med fantastiske råvarer som søtpotet, gulrot og persillerot. Bruk gjerne vår kvalitetskylling Lerstang fra Jacobs Utvalgte.', 60, 'https://res.cloudinary.com/norgesgruppen/images/c_scale,dpr_auto,f_auto,q_auto:eco,w_1600/spcvtzh1n1ktocfhcjeu/hostsalat-med-kylling-og-ovnsbakte-gronnsaker', 'Sett ovnen på 210 °C. Del rødbeter, gulrot, søtpotet, sellerirot
og persillerot i biter og fordel utover en ildfast form.

Krydre med salt og pepper, drypp over godt med olje og stek i ovnen i ca. 20 minutter. Vend på grønnsakene underveis.

Krydre kyllingen med salt og pepper og legg på toppen av
grønnsakene og la steke videre i ca. 15 minutter.

La kjøttet hvile i 10 minutter og del i skiver. Vend de bakte grønnsakene med sitronsaft og eventuelt litt ekstra olivenolje og fordel salat, rotgrønnsaker, spirer og stekt kylling i skiver på serveringsfat.

Drypp over oljedressing fra stekeformen og strø litt chiafrø på toppen.', 'Høstsalat med kylling og ovnsbakte grønnsaker', 'EASY');
INSERT INTO recipes VALUES (UNHEX(REPLACE('343125c7-dcec-4cf7-81e8-ba52ed42a7e2', '-','')), 'Kylling i kokosmelk, eller Khai Krati som det også heter, er en deilig, krydret Thailandsk kyllingrett. En deilig oppskrift på kyllinggryte med kokosmelk som er perfekt til hverdagsmiddag eller til helgen.', 20, 'https://res.cloudinary.com/norgesgruppen/images/c_scale,dpr_auto,f_auto,q_auto:eco,w_1600/zem2stf2ohkayjqhfpq0/kylling-i-kokossaus', 'Finn frem ingrediensene. Du kan bruke kyllingfilet eller kyllingbryst.

Vend kyllingen godt med de tørre krydderne og curry paste. Wok dette i en skikkelig varm panne. Tilsett chili, hvitløk, løk og paprika og la det hele frese til grønnsakene er myke og kjøttet har fått en fin gylden farge.

Tilsett vannkastanjer, ingefær og kokosmelken og la den småkoke i 20 minutter.

Smak til med salt og friskpresset limesaft.  Vend inn sukkerertene og frisk hakket koriander rett før servering.

Server gjerne med ris.', 'Kylling i kokossaus', 'MEDIUM');
INSERT INTO recipes VALUES (UNHEX(REPLACE('2412e61f-d744-44db-92dd-b241efcd36e1', '-','')), 'Dette er favorittmat for hele familien. Quesadilla er en meksikansk matrett som lages av tortilla fylt med ost og ofte noe mer fyll, sammen med salsa. Her har vi brukt en grovere tortilla og kylling slik at dette blir en litt sunnere vri på fredagstacoen.', 60, 'https://res.cloudinary.com/norgesgruppen/images/c_scale,dpr_auto,f_auto,q_auto:eco,w_1600/cktdfivpqddkmkbyc6h7/grove-quesadillas-med-kylling-og-gronnsaker', 'Rens kyllingen slik at du kun sitter igjen med rent kyllingkjøtt i strimler.

Fordel tacosaus, paprika, sukkererter, rødløk, vårløk, revet ost, nygrillet kylling og tacokrydder på de fire tortillalefsene. Pass på at du legger fyllet på halve tortillaen, slik at den andre halvdelen kan brettes over.

Stek quesedillasene i en stekepanne til de er gyllne på begge sider, og osten er smeltet.

Server quesedillasene med rømme og frisk grønn salat.

Lag gjerne også guacamole til. Du trenger strengt tatt bare å mose en avokado, men tilsett gjerne også, limesaft, salt, hvitløk og koriander for å få en virkelig god guacamole!', 'Grove quesadillas med kylling og grønnsaker', 'ADVANCED');
INSERT INTO recipes VALUES (UNHEX(REPLACE('44b1d8af-8ce1-4d2f-924a-a6e62ab53751', '-','')), 'Oppskrift på tomatsuppe laget fra bunnen. Med hermetiske tomater, grønnsakskraft og noen gode grønnsaker får denne suppen mye god smak. Server den med egg og makaroni, chorizo, parmesan og urter eller som den er med pannekaker som rett nr 2. Se film for steg-for-steg.', 20, 'https://res.cloudinary.com/norgesgruppen/images/c_scale,dpr_auto,f_auto,q_auto:eco,w_1600/h3iu0dtahtgpbwwitew7/hjemmelaget-tomatsuppe', 'Fres løk, gulrot, stangselleri, hvitløk og chili i olivenolje i en kjele i 3 minutter.

Ha i tomatpurè og la frese i ytterligere 1 minutt.

Ha i grønnsakskraft, tomater og oregano.

La koke i ca 20 minutter til alle grønnsakene er møre.

Kjør suppen jevn med en stavmikser.

Smak gjerne til suppen med litt sukker eller honning, salt og pepper.

Topp suppen med kokt egg, frisk basilikum og ferdigkokt makaroni, eller med stekt chorizo, løk, revet parmesan og frisk oregano.', 'Hjemmelaget tomatsuppe', 'MEDIUM');
INSERT INTO recipes VALUES (UNHEX(REPLACE('9d9c1331-9229-4df5-a41d-78025f6199dc', '-','')), 'Enkelt, sunt, mettende og godt; en grateng er perfekt hverdagsmat. Dette er en god oppskrift på pastagrateng som blir middagsfavoritt for store og små. Pastagrateng med kjøttdeig eller karbonadedeig passer ypperlig når det er mange rundt middagsbordet.', 20, 'https://res.cloudinary.com/norgesgruppen/images/c_scale,dpr_auto,f_auto,q_auto:eco,w_1600/pw28clevj2bxzotfrgfa/pastagrateng-med-kjottdeig', 'Stek kjøttdeigen/karbonadedeigen i olje til den er gyllen og gjennomstekt. Kutt sukkererter i biter, sjalottløk og vårløk i ringer.

Kok pastaen etter anvisningen på pakningen og bland den med kjøttdeigen. Tilsett grønnsakene, creme fraiche og sweet chilisaus.

Ha over ost og stek i ovnen på 200 grader i ca 15 minutter til osten er gyllen og pastagratengen er gjennomvarm.', 'Pastagrateng med kjøttdeig', 'ADVANCED');
INSERT INTO recipes VALUES (UNHEX(REPLACE('b045e5c9-6ba9-438e-867c-d0e682a311de', '-','')), 'Oppskrift på tykke, luftige, amerikanske pannekaker er populært til helgefrokosten. Amerikanske pannekaker serveres tradisjonelt med sirup, men smaker også veldig godt med noe salt, som bacon. Én porsjon gir 12 små og tykke pannekaker.', 20, 'https://res.cloudinary.com/norgesgruppen/images/c_scale,dpr_auto,f_auto,q_auto:eco,w_1600/soes8ggethz8ohpraikj/amerikanske-pannekaker-med-bacon', 'Fordel eggehviter og eggeplommer i to boller. Bland melk sammen med eggeplommene.

Bland bakepulver med hvetemel og sikt over melk og egg. Visp sammen til en glatt røre. Pisk eggehvitene stive sammen med sukker og salt. Vend inn i røren.

Ha i smør i en middels varm stekepanne, gjerne en teflonpanne. Pannekakene skal være små og tykke, og de serveres helst nystekte.

Stek bacon på begge sider til det er sprøtt, la renne av seg på bakepapir.

Server pannekakene med bacon og lønnesirup.', 'Amerikanske pannekaker med bacon', 'ADVANCED');
INSERT INTO recipes VALUES (UNHEX(REPLACE('f9173733-204b-4b74-a529-03159e31467a', '-','')), 'Oppskrift på rask pai som passer for hele familien. Tacopai med kjøttdeig og grønnsaker er et godt alternativ til fredagstacoen, eller om du har rester fra gårsdagens taco. Her topper vi den med speilegg.', 40, 'https://res.cloudinary.com/norgesgruppen/images/c_scale,dpr_auto,f_auto,q_auto:eco,w_1600/pndesnmio5hwzmiisl97/tacopai-med-kjottdeig', 'Kle en paiform med paibunnen og forstek den i ovnen på 180 grader til den begynner å få farge. Dette tar ca 10 minutter.

Stek kjøttdeigen i olje til den er gyllen. Ha i cherrytomater, paprika og rødløk. Stek i 2 minutter.

Ha på tacokrydder og vann. La koke til det meste av fuktigheten har fordampet.

Ha kjøttdeigblandingen i paiformen. Knekk eggene på toppen av paien. Du kan gjerne ha 150 g revet ost over paien før steking. Da har du osten oppå kjøttdeigblandingen og under eggene.

Stek paien i ovnen på 180 grader til eggehviten har stivnet. Dette tar ca 10 minutter.

Server gjerne tacopaien med en frodig grønn salat, sprø nachochips og creme fraiche.', 'Tacopai med kjøttdeig', 'EASY');
INSERT INTO recipes VALUES (UNHEX(REPLACE('b9fe879d-b0a7-40a8-be5e-02beabde90e3', '-','')), 'Smakfull vegetarisk gryterett med vegetarboller, kremet karrisaus, paprika og eple. Denne oppskriften er rask og enkel å lage og passer ikke bare for vegetarianere, men også for deg som vil spise litt grønnere eller bare lage noe som smaker utrolig godt!', 40, 'https://res.cloudinary.com/norgesgruppen/images/c_scale,dpr_auto,f_auto,q_auto:eco,w_1600/uorj7xie4mqhak27imww/vegetarboller-i-karrisaus', 'Stek bollene på middels varme og legg over på et fat. Stek så løk, paprika og hvitløk til løken er blank.

Tilsett karripulver og fres videre i et par minutter på middels varme.

Tilsett kokosmelk, fløte og kok i fem minutter. Smak til med salt og tilsett eple og boller.

La gryten trekke i fem minutter og tilsett ris. Kok gjerne risen med en håndfull rosiner eller friske urter.', 'Vegetarboller i karrisaus', 'EASY');
INSERT INTO recipes VALUES (UNHEX(REPLACE('9cb5c386-5d72-4a49-8cc4-3c4bd5024dad', '-','')), 'Oppskrift på Kun Pao med kyling, en kinesisk klassiker fra provinsen Sichuan. Denne retten får en herlig balanse i smakene fra både søt honning, salt soya og spicy chili.', 60, 'https://res.cloudinary.com/norgesgruppen/images/c_scale,dpr_auto,f_auto,q_auto:eco,w_1600/ksqfqqejkrf1wygb1eml/kung-pao-chicken', 'Stek rosépepper i en tørr panne til aromaene kommer frem, ca. 2 minutter. Knus dem deretter i en morter. Bland de knuste pepperkornene med 1,5 ss maizenamel.

Skjær kyllingfiletene i terninger og bland dem med pepper- og maizenablandingen. Stek dem i olje til de er gyldenbrune og gjennomstekte, ca. 6-7 minutter.

Hell kyllingen på en tallerken og sett til side. Tørk pannen nesten helt ren med tørkepapir. Litt pepper kan være igjen. Ha ny olje i pannen og fres chili, hvitløk og ingefær på middels varme et par minutter.

Tilsett brokkolibuketter og hele sukkererter og fres i to minutter. Grønnsakene skal fremdeles være sprø, men gjennomvarme. Tilsett den finsnittede vårløken og fres i ett minutt før du tilsetter kyllingen til pannen igjen.

Bland resten av maizenamelet med vann, soyasaus, eddik og honning, og hell det i pannen. Bland godt og stek alt til kyllingen blir gjennomvarm igjen. Tilsett grovhakkede peanøtter helt til slutt og rør dem lett inn.', 'Kung Pao chicken', 'EASY');
INSERT INTO recipes VALUES (UNHEX(REPLACE('d34bb830-189b-4ea9-b094-381b1ca871f4', '-','')), 'Rask, enkel og veldig god pasta med nygrillet kylling og hjemmelaget fløtesaus. Hjemmelaget fløtesaus lages enkelt på føte, eggeplommer og sitronsaft, og har en god og rund smak. Middagen metter godt og passer for hele familien.', 20, 'https://res.cloudinary.com/norgesgruppen/images/c_scale,dpr_auto,f_auto,q_auto:eco,w_1600/cjegnfa0hteigone7dqe/kremet-pasta-med-grillet-kylling-og-hjemmelaget-flotesaus', 'Ferdig og nygrillet kylling får du i varmeskapet hos alle MENY-butikker hele dagen. Du kan også bruke kyllingfilet, og kylling kan byttes ut med røkelaks eller kokt skinke.

Rens og del kyllingen.

Kok spagetti al dente etter anvisning på pakken.

Skill hvite og eggeplommer. Visp sammen fløte og sitronsaft, ha i eggeplommer og persille. Smak til med salt og pepper.

Bland fløteblandingen med rykende varm spagetti, topp med grillet kylling og server.', 'Kremet pasta med grillet kylling og hjemmelaget fløtesaus', 'MEDIUM');
INSERT INTO recipes VALUES (UNHEX(REPLACE('59c6529c-4209-441d-b159-a432f8925d11', '-','')), 'Enkelt og sommerlig middagstips med laks, potetsalat og rød pesto. Tilbered gjerne på grillen. Rask fiskemiddag på under 20 minutter.', 40, 'https://res.cloudinary.com/norgesgruppen/images/c_scale,dpr_auto,f_auto,q_auto:eco,w_1600/zxvdjkeb08z7pjfweran/laks-med-pesto-og-potetsalat', 'Krydre laksefiletene med salt og pepper. Stek dem i rapsolje i en stekepanne til fisken er gyllen på begge sider og gjennomstekt. Dette tar ca 3 minutter på hver side. Dersom du skal grille fisken bør du pensle den med litt rapsolje, eventuelt pensle et ark aluminiumsfolie og ha laksen oppå det, på grillen. Tilberedning tar ca like lang tid på grill som i panne, og laksen er klar når den er akkurat gjennomstekt.

Server laksefileten med ferdig potetsalat, pesto og blandet grønn salat.', 'Laks med pesto og potetsalat', 'ADVANCED');
INSERT INTO recipes VALUES (UNHEX(REPLACE('cb97522c-cdd2-40c9-bfbe-98bdd5f5891d', '-','')), 'Lekker asiatisk salat med vegetarisk "pulled pork", glassnudler og ingefær, toppet med peanøtter og lime. Pulled vegetar er enkelt å lage og har blitt svært populært. Denne oppskriften er full av smak og et litt sunnere alternativ for deg som er vegetarianer, veganer, ønsker å kutte ned på kjøtt eller bare har lyst til å prøve noe nytt.', 20, 'https://res.cloudinary.com/norgesgruppen/images/c_scale,dpr_auto,f_auto,q_auto:eco,w_1600/pk5z25wdciexlqtsltde/asiatisk-salat-med-glassnudler-og-pulled-vegetar', 'Varm Pulled i en kasserolle med olje.

Bland en vinaigrette på revet ingefær, presset hvitløk,
presset lime, presset sitron, sesamolje, soyasaus og finhakket koriander.

Ta av kasserollen med Pulled og tilsett vinaigretten.

Kok opp rikelig med vann og kok nudlene som anvist på pakken.
La nudlene renne av i et dørslag.

Anrett alt på et fat og dekorer med sesamfrø, strimlet rødkål, skivede reddiker, peanøtter og eventuelt andre grønnsaker. Finriv skallet av limen over salaten og server.', 'Asiatisk salat med glassnudler og pulled vegetar', 'ADVANCED');
INSERT INTO recipes VALUES (UNHEX(REPLACE('554ff796-5807-4f6a-a57e-8f9ae74db7cb', '-','')), 'Taco egner seg godt som salat i en bolle, da blander du bare ingrediensene istedenfor å ha dem én og én i tortilla eller tacoskjell. Tacosalat er også et godt restetips. Topp gjerne med nachochips eller knust tacoskjell for crunch, og jalapeños for sterk smak.', 20, 'https://res.cloudinary.com/norgesgruppen/images/c_scale,dpr_auto,f_auto,q_auto:eco,w_1600/ogzalwfslobkenppdllz/spicy-tacosalat', 'Stek kjøttdeigen sammen med 2 ss tacokrydder i oljen til den er gyllen og gjennomstekt.

Bland rømme med 2 ss tacokrydder.

Bland hjertesalat, spinat, tomater, jalapeno og mais i en salatbolle. Topp salaten med stekt tacokjøttdeig og ha over rømmen som dressing.

Dryss over revet cheddarost og frisk koriander like før servering.', 'Spicy tacosalat', 'MEDIUM');
INSERT INTO recipes VALUES (UNHEX(REPLACE('18e9c239-250c-4957-bcc2-b21da4fd4be1', '-','')), 'Rask og enkel oppskrift på hjemmelaget spinatsuppe med kyllingkraft og hvitløk. God middag for hele familien på en kald høstdag!', 40, 'https://res.cloudinary.com/norgesgruppen/images/c_scale,dpr_auto,f_auto,q_auto:eco,w_1600/mmgbrfend9dvaz4vkkbx/hjemmelaget-spinatsuppe', 'Fres løk og hvitløk i smør i en kasserolle. Rør inn bladene når løken har blitt blank og mør. Fres videre
under omrøring til bladene har falt sammen.

Tilsett kyllingkraft, kok opp og kok suppen i 5–10 minutter.

Kjør suppen jevn med en stavmikser. Tilsett fløten, gi suppen et nytt oppkok og smak til med salt, pepper
og revet muskat.

Server med rugbrødtoast.', 'Hjemmelaget spinatsuppe', 'EASY');
INSERT INTO recipes VALUES (UNHEX(REPLACE('98b836bd-48f5-4d5c-8d7d-7a67e9abaae4', '-','')), 'Glad i lapskaus? Prøv grønnsakslapskaus! Dette er en oppskrift på klassisk lapskaus med norske rotgrønnsaker og vegetarboller. Dersom du bruker melne poteter vil lapskausen normalt jevne seg selv, gjør den ikke det kan du jevne med maisenna.', 60, 'https://res.cloudinary.com/norgesgruppen/images/c_scale,dpr_auto,f_auto,q_auto:eco,w_1600/apqggprpnojzrwfhiylw/kjottfri-lapskaus', 'Kutt poteter og grønnsaker i grove terninger.

Ha i en kjele med vann med litt salt og pepper. Kok opp og la koke i ca 15 minutter til grønnsakene er møre.

Ha VegMe bollene i sausen og la trekke i 5 minutter.', 'Kjøttfri lapskaus', 'ADVANCED');
INSERT INTO recipes VALUES (UNHEX(REPLACE('a9135e88-4ce8-442d-955b-58040944794d', '-','')), 'En enkel vegetarmiddag full av smak. Ypperlig for deg som har lyst på en kjøttfri middag eller er vegetarianer. Den smaker ekstra godt sammen med en dressing laget av kesam, chili og frisk koriander.', 60, 'https://res.cloudinary.com/norgesgruppen/images/c_scale,dpr_auto,f_auto,q_auto:eco,w_1600/pjhv9k5sh5njmetsnuut/grove-og-smakfulle-vegetarwraps', 'Kok aspargesbønnene i lettsaltet vann i 1 minutt. Avkjøl i kaldt vann.

Stek vegetarbitene, rødløk og chili i olje i 2-3 minutter. Tilsett honningen.

Fordel vegetarbitene, aspargesbønner, kokosflak og ananas på tortillalefsene og rull sammen til wraps.', 'Grove og smakfulle vegetarwraps', 'ADVANCED');
INSERT INTO recipes VALUES (UNHEX(REPLACE('3159014b-fa3b-4b4e-ba60-ce7a349c5392', '-','')), 'Enkel og rask viltgryte med reinskav gir smak av høst. Viltmiddag med reinsdyr, grønnsaker og einebær, i deilig saus av kraft, brunost og rømme. Hjemmelaget potetstappe er perfekt som tilbehør til viltgryte.', 20, 'https://res.cloudinary.com/norgesgruppen/images/c_scale,dpr_auto,f_auto,q_auto:eco,w_1600/zomit8tatmwlr8vigkot/viltgryte-med-reinsdyr', 'Begynn med å grovkutte gulrøtter, sopp og deretter finkutte løken.

Brun reinsdyrskaven i en panne sammen med sopp og løk i rikelig med smør.

Ha kjøtt, sopp, løk og gulrot i en gryte sammen med knuste einebær og timian. Hell over kraften og la det hele koke i ca. 20 minutter.

Tilsett erter, tyttebær og rømme og la det småputre i ca. 5 minutter.

Tilsett brunosten og gi det hele et oppkok. Smak til med salt og pepper og sitron.

Server med kokte poteter eller potetstappe.', 'Viltgryte med reinsdyr', 'MEDIUM');
INSERT INTO recipe_ingredient VALUES (1.0, UNHEX(REPLACE('df30c39c-60cc-4721-8319-f52710120a2b', '-','')), 1, 'spiseskje');
INSERT INTO recipe_ingredient VALUES (25.0, UNHEX(REPLACE('df30c39c-60cc-4721-8319-f52710120a2b', '-','')), 2, 'gram');
INSERT INTO recipe_ingredient VALUES (0.125, UNHEX(REPLACE('df30c39c-60cc-4721-8319-f52710120a2b', '-','')), 3, 'stykk');
INSERT INTO recipe_ingredient VALUES (0.125, UNHEX(REPLACE('df30c39c-60cc-4721-8319-f52710120a2b', '-','')), 4, 'stykk');
INSERT INTO recipe_ingredient VALUES (0.25, UNHEX(REPLACE('df30c39c-60cc-4721-8319-f52710120a2b', '-','')), 5, 'spiseskje');
INSERT INTO recipe_ingredient VALUES (0.25, UNHEX(REPLACE('df30c39c-60cc-4721-8319-f52710120a2b', '-','')), 6, 'spiseskje');
INSERT INTO recipe_ingredient VALUES (0.5, UNHEX(REPLACE('fcf5def2-1b3a-4aee-993f-591076785a3f', '-','')), 7, 'stykk');
INSERT INTO recipe_ingredient VALUES (0.5, UNHEX(REPLACE('fcf5def2-1b3a-4aee-993f-591076785a3f', '-','')), 8, 'spiseskje');
INSERT INTO recipe_ingredient VALUES (0.5, UNHEX(REPLACE('fcf5def2-1b3a-4aee-993f-591076785a3f', '-','')), 9, 'stykk');
INSERT INTO recipe_ingredient VALUES (0.5, UNHEX(REPLACE('fcf5def2-1b3a-4aee-993f-591076785a3f', '-','')), 10, 'spiseskje');
INSERT INTO recipe_ingredient VALUES (0.25, UNHEX(REPLACE('fcf5def2-1b3a-4aee-993f-591076785a3f', '-','')), 11, 'stykk');
INSERT INTO recipe_ingredient VALUES (1.0, UNHEX(REPLACE('fcf5def2-1b3a-4aee-993f-591076785a3f', '-','')), 12, 'stykk');
INSERT INTO recipe_ingredient VALUES (100.0, UNHEX(REPLACE('adafb387-93f5-48eb-aeac-64a8f5f756a3', '-','')), 13, 'gram');
INSERT INTO recipe_ingredient VALUES (0.5, UNHEX(REPLACE('adafb387-93f5-48eb-aeac-64a8f5f756a3', '-','')), 14, 'spiseskje');
INSERT INTO recipe_ingredient VALUES (0.5, UNHEX(REPLACE('adafb387-93f5-48eb-aeac-64a8f5f756a3', '-','')), 15, 'stykk');
INSERT INTO recipe_ingredient VALUES (0.25, UNHEX(REPLACE('adafb387-93f5-48eb-aeac-64a8f5f756a3', '-','')), 16, 'stykk');
INSERT INTO recipe_ingredient VALUES (0.5, UNHEX(REPLACE('adafb387-93f5-48eb-aeac-64a8f5f756a3', '-','')), 17, 'spiseskje');
INSERT INTO recipe_ingredient VALUES (0.5, UNHEX(REPLACE('adafb387-93f5-48eb-aeac-64a8f5f756a3', '-','')), 18, 'spiseskje');
INSERT INTO recipe_ingredient VALUES (0.5, UNHEX(REPLACE('adafb387-93f5-48eb-aeac-64a8f5f756a3', '-','')), 19, 'spiseskje');
INSERT INTO recipe_ingredient VALUES (0.25, UNHEX(REPLACE('adafb387-93f5-48eb-aeac-64a8f5f756a3', '-','')), 20, 'stykk');
INSERT INTO recipe_ingredient VALUES (0.25, UNHEX(REPLACE('adafb387-93f5-48eb-aeac-64a8f5f756a3', '-','')), 21, 'stykk');
INSERT INTO recipe_ingredient VALUES (1.0, UNHEX(REPLACE('adafb387-93f5-48eb-aeac-64a8f5f756a3', '-','')), 22, 'spiseskje');
INSERT INTO recipe_ingredient VALUES (0.5, UNHEX(REPLACE('adafb387-93f5-48eb-aeac-64a8f5f756a3', '-','')), 23, 'stykk');
INSERT INTO recipe_ingredient VALUES (0.75, UNHEX(REPLACE('ccfa1ed3-f20b-4d80-8ffa-ac4ccf4f616c', '-','')), 24, 'desiliter');
INSERT INTO recipe_ingredient VALUES (0.125, UNHEX(REPLACE('ccfa1ed3-f20b-4d80-8ffa-ac4ccf4f616c', '-','')), 25, 'teskje');
INSERT INTO recipe_ingredient VALUES (1.0, UNHEX(REPLACE('ccfa1ed3-f20b-4d80-8ffa-ac4ccf4f616c', '-','')), 26, 'stykk');
INSERT INTO recipe_ingredient VALUES (1.5, UNHEX(REPLACE('ccfa1ed3-f20b-4d80-8ffa-ac4ccf4f616c', '-','')), 27, 'desiliter');
INSERT INTO recipe_ingredient VALUES (0.5, UNHEX(REPLACE('ccfa1ed3-f20b-4d80-8ffa-ac4ccf4f616c', '-','')), 28, 'spiseskje');
INSERT INTO recipe_ingredient VALUES (200.0, UNHEX(REPLACE('c8ff84b3-8bbc-4b61-b064-5e09429b878b', '-','')), 13, 'gram');
INSERT INTO recipe_ingredient VALUES (0.5, UNHEX(REPLACE('c8ff84b3-8bbc-4b61-b064-5e09429b878b', '-','')), 29, 'stykk');
INSERT INTO recipe_ingredient VALUES (0.25, UNHEX(REPLACE('c8ff84b3-8bbc-4b61-b064-5e09429b878b', '-','')), 30, 'stykk');
INSERT INTO recipe_ingredient VALUES (43.75, UNHEX(REPLACE('c8ff84b3-8bbc-4b61-b064-5e09429b878b', '-','')), 31, 'gram');
INSERT INTO recipe_ingredient VALUES (0.25, UNHEX(REPLACE('c8ff84b3-8bbc-4b61-b064-5e09429b878b', '-','')), 21, 'stykk');
INSERT INTO recipe_ingredient VALUES (0.25, UNHEX(REPLACE('c8ff84b3-8bbc-4b61-b064-5e09429b878b', '-','')), 32, 'spiseskje');
INSERT INTO recipe_ingredient VALUES (0.0, UNHEX(REPLACE('c8ff84b3-8bbc-4b61-b064-5e09429b878b', '-','')), 25, 'stykk');
INSERT INTO recipe_ingredient VALUES (0.0, UNHEX(REPLACE('c8ff84b3-8bbc-4b61-b064-5e09429b878b', '-','')), 33, 'stykk');
INSERT INTO recipe_ingredient VALUES (0.5, UNHEX(REPLACE('ed87d9c7-25ae-4bad-8142-e4292312ec41', '-','')), 34, 'desiliter');
INSERT INTO recipe_ingredient VALUES (1.0, UNHEX(REPLACE('ed87d9c7-25ae-4bad-8142-e4292312ec41', '-','')), 19, 'desiliter');
INSERT INTO recipe_ingredient VALUES (0.25, UNHEX(REPLACE('ed87d9c7-25ae-4bad-8142-e4292312ec41', '-','')), 35, 'stykk');
INSERT INTO recipe_ingredient VALUES (0.25, UNHEX(REPLACE('ed87d9c7-25ae-4bad-8142-e4292312ec41', '-','')), 36, 'desiliter');
INSERT INTO recipe_ingredient VALUES (0.25, UNHEX(REPLACE('ed87d9c7-25ae-4bad-8142-e4292312ec41', '-','')), 37, 'desiliter');
INSERT INTO recipe_ingredient VALUES (0.125, UNHEX(REPLACE('ed87d9c7-25ae-4bad-8142-e4292312ec41', '-','')), 38, 'desiliter');
INSERT INTO recipe_ingredient VALUES (0.25, UNHEX(REPLACE('ed87d9c7-25ae-4bad-8142-e4292312ec41', '-','')), 16, 'stykk');
INSERT INTO recipe_ingredient VALUES (0.25, UNHEX(REPLACE('ed87d9c7-25ae-4bad-8142-e4292312ec41', '-','')), 39, 'stykk');
INSERT INTO recipe_ingredient VALUES (0.5, UNHEX(REPLACE('ed87d9c7-25ae-4bad-8142-e4292312ec41', '-','')), 40, 'stykk');
INSERT INTO recipe_ingredient VALUES (0.25, UNHEX(REPLACE('ed87d9c7-25ae-4bad-8142-e4292312ec41', '-','')), 32, 'desiliter');
INSERT INTO recipe_ingredient VALUES (50.0, UNHEX(REPLACE('ed87d9c7-25ae-4bad-8142-e4292312ec41', '-','')), 41, 'gram');
INSERT INTO recipe_ingredient VALUES (0.0, UNHEX(REPLACE('ed87d9c7-25ae-4bad-8142-e4292312ec41', '-','')), 25, 'stykk');
INSERT INTO recipe_ingredient VALUES (0.0, UNHEX(REPLACE('ed87d9c7-25ae-4bad-8142-e4292312ec41', '-','')), 33, 'stykk');
INSERT INTO recipe_ingredient VALUES (0.5, UNHEX(REPLACE('c362a304-f3a9-4c38-a1c9-5e330929da62', '-','')), 42, 'stykk');
INSERT INTO recipe_ingredient VALUES (0.0, UNHEX(REPLACE('c362a304-f3a9-4c38-a1c9-5e330929da62', '-','')), 25, 'stykk');
INSERT INTO recipe_ingredient VALUES (0.0, UNHEX(REPLACE('c362a304-f3a9-4c38-a1c9-5e330929da62', '-','')), 33, 'stykk');
INSERT INTO recipe_ingredient VALUES (0.25, UNHEX(REPLACE('c362a304-f3a9-4c38-a1c9-5e330929da62', '-','')), 8, 'spiseskje');
INSERT INTO recipe_ingredient VALUES (0.5, UNHEX(REPLACE('c362a304-f3a9-4c38-a1c9-5e330929da62', '-','')), 43, 'stykk');
INSERT INTO recipe_ingredient VALUES (1.0, UNHEX(REPLACE('c362a304-f3a9-4c38-a1c9-5e330929da62', '-','')), 22, 'spiseskje');
INSERT INTO recipe_ingredient VALUES (0.125, UNHEX(REPLACE('c362a304-f3a9-4c38-a1c9-5e330929da62', '-','')), 44, 'stykk');
INSERT INTO recipe_ingredient VALUES (0.0, UNHEX(REPLACE('c362a304-f3a9-4c38-a1c9-5e330929da62', '-','')), 16, 'stykk');
INSERT INTO recipe_ingredient VALUES (0.125, UNHEX(REPLACE('a672db58-7c08-4e1f-989d-8b0aff3ed0e3', '-','')), 15, 'stykk');
INSERT INTO recipe_ingredient VALUES (50.0, UNHEX(REPLACE('a672db58-7c08-4e1f-989d-8b0aff3ed0e3', '-','')), 54, 'gram');
INSERT INTO recipe_ingredient VALUES (0.5, UNHEX(REPLACE('a672db58-7c08-4e1f-989d-8b0aff3ed0e3', '-','')), 14, 'spiseskje');
INSERT INTO recipe_ingredient VALUES (0.5, UNHEX(REPLACE('a672db58-7c08-4e1f-989d-8b0aff3ed0e3', '-','')), 55, 'stykk');
INSERT INTO recipe_ingredient VALUES (1.0, UNHEX(REPLACE('a672db58-7c08-4e1f-989d-8b0aff3ed0e3', '-','')), 56, 'spiseskje');
INSERT INTO recipe_ingredient VALUES (25.0, UNHEX(REPLACE('a672db58-7c08-4e1f-989d-8b0aff3ed0e3', '-','')), 57, 'gram');
INSERT INTO recipe_ingredient VALUES (100.0, UNHEX(REPLACE('9e1b9b91-f016-4907-9739-5d91ff634c5c', '-','')), 63, 'gram');
INSERT INTO recipe_ingredient VALUES (0.25, UNHEX(REPLACE('9e1b9b91-f016-4907-9739-5d91ff634c5c', '-','')), 28, 'spiseskje');
INSERT INTO recipe_ingredient VALUES (0.5, UNHEX(REPLACE('9e1b9b91-f016-4907-9739-5d91ff634c5c', '-','')), 64, 'stykk');
INSERT INTO recipe_ingredient VALUES (0.5, UNHEX(REPLACE('9e1b9b91-f016-4907-9739-5d91ff634c5c', '-','')), 65, 'stykk');
INSERT INTO recipe_ingredient VALUES (0.125, UNHEX(REPLACE('9e1b9b91-f016-4907-9739-5d91ff634c5c', '-','')), 65, 'stykk');
INSERT INTO recipe_ingredient VALUES (0.75, UNHEX(REPLACE('9e1b9b91-f016-4907-9739-5d91ff634c5c', '-','')), 66, 'desiliter');
INSERT INTO recipe_ingredient VALUES (12.5, UNHEX(REPLACE('9e1b9b91-f016-4907-9739-5d91ff634c5c', '-','')), 67, 'gram');
INSERT INTO recipe_ingredient VALUES (0.0, UNHEX(REPLACE('9e1b9b91-f016-4907-9739-5d91ff634c5c', '-','')), 25, 'stykk');
INSERT INTO recipe_ingredient VALUES (0.0, UNHEX(REPLACE('9e1b9b91-f016-4907-9739-5d91ff634c5c', '-','')), 33, 'stykk');
INSERT INTO recipe_ingredient VALUES (1.0, UNHEX(REPLACE('9e1b9b91-f016-4907-9739-5d91ff634c5c', '-','')), 37, 'spiseskje');
INSERT INTO recipe_ingredient VALUES (0.25, UNHEX(REPLACE('50c4fb14-2c59-4db3-8f0e-febdcd266df1', '-','')), 8, 'spiseskje');
INSERT INTO recipe_ingredient VALUES (0.25, UNHEX(REPLACE('50c4fb14-2c59-4db3-8f0e-febdcd266df1', '-','')), 68, 'stykk');
INSERT INTO recipe_ingredient VALUES (0.5, UNHEX(REPLACE('50c4fb14-2c59-4db3-8f0e-febdcd266df1', '-','')), 64, 'stykk');
INSERT INTO recipe_ingredient VALUES (0.25, UNHEX(REPLACE('50c4fb14-2c59-4db3-8f0e-febdcd266df1', '-','')), 69, 'teskje');
INSERT INTO recipe_ingredient VALUES (0.125, UNHEX(REPLACE('50c4fb14-2c59-4db3-8f0e-febdcd266df1', '-','')), 52, 'stykk');
INSERT INTO recipe_ingredient VALUES (1.0, UNHEX(REPLACE('50c4fb14-2c59-4db3-8f0e-febdcd266df1', '-','')), 70, 'desiliter');
INSERT INTO recipe_ingredient VALUES (0.25, UNHEX(REPLACE('50c4fb14-2c59-4db3-8f0e-febdcd266df1', '-','')), 71, 'spiseskje');
INSERT INTO recipe_ingredient VALUES (1.0, UNHEX(REPLACE('50c4fb14-2c59-4db3-8f0e-febdcd266df1', '-','')), 72, 'desiliter');
INSERT INTO recipe_ingredient VALUES (0.25, UNHEX(REPLACE('50c4fb14-2c59-4db3-8f0e-febdcd266df1', '-','')), 73, 'stykk');
INSERT INTO recipe_ingredient VALUES (1.0, UNHEX(REPLACE('50c4fb14-2c59-4db3-8f0e-febdcd266df1', '-','')), 74, 'desiliter');
INSERT INTO recipe_ingredient VALUES (0.25, UNHEX(REPLACE('50c4fb14-2c59-4db3-8f0e-febdcd266df1', '-','')), 20, 'stykk');
INSERT INTO recipe_ingredient VALUES (0.0, UNHEX(REPLACE('50c4fb14-2c59-4db3-8f0e-febdcd266df1', '-','')), 25, 'stykk');
INSERT INTO recipe_ingredient VALUES (0.0, UNHEX(REPLACE('50c4fb14-2c59-4db3-8f0e-febdcd266df1', '-','')), 33, 'stykk');
INSERT INTO recipe_ingredient VALUES (0.5, UNHEX(REPLACE('50c4fb14-2c59-4db3-8f0e-febdcd266df1', '-','')), 4, 'stykk');
INSERT INTO recipe_ingredient VALUES (0.0, UNHEX(REPLACE('50c4fb14-2c59-4db3-8f0e-febdcd266df1', '-','')), 75, 'stykk');
INSERT INTO recipe_ingredient VALUES (0.25, UNHEX(REPLACE('7c733a2a-fcc3-4ef8-8bde-12bacd060b75', '-','')), 76, 'stykk');
INSERT INTO recipe_ingredient VALUES (0.5, UNHEX(REPLACE('7c733a2a-fcc3-4ef8-8bde-12bacd060b75', '-','')), 8, 'spiseskje');
INSERT INTO recipe_ingredient VALUES (0.0, UNHEX(REPLACE('7c733a2a-fcc3-4ef8-8bde-12bacd060b75', '-','')), 33, 'stykk');
INSERT INTO recipe_ingredient VALUES (0.25, UNHEX(REPLACE('7c733a2a-fcc3-4ef8-8bde-12bacd060b75', '-','')), 77, 'stykk');
INSERT INTO recipe_ingredient VALUES (0.25, UNHEX(REPLACE('7c733a2a-fcc3-4ef8-8bde-12bacd060b75', '-','')), 78, 'stykk');
INSERT INTO recipe_ingredient VALUES (0.5, UNHEX(REPLACE('7c733a2a-fcc3-4ef8-8bde-12bacd060b75', '-','')), 79, 'stykk');
INSERT INTO recipe_ingredient VALUES (0.125, UNHEX(REPLACE('7c733a2a-fcc3-4ef8-8bde-12bacd060b75', '-','')), 80, 'stykk');
INSERT INTO recipe_ingredient VALUES (0.25, UNHEX(REPLACE('7c733a2a-fcc3-4ef8-8bde-12bacd060b75', '-','')), 81, 'stykk');
INSERT INTO recipe_ingredient VALUES (1.0, UNHEX(REPLACE('7c733a2a-fcc3-4ef8-8bde-12bacd060b75', '-','')), 32, 'spiseskje');
INSERT INTO recipe_ingredient VALUES (0.5, UNHEX(REPLACE('7c733a2a-fcc3-4ef8-8bde-12bacd060b75', '-','')), 82, 'spiseskje');
INSERT INTO recipe_ingredient VALUES (0.25, UNHEX(REPLACE('7c733a2a-fcc3-4ef8-8bde-12bacd060b75', '-','')), 83, 'teskje');
INSERT INTO recipe_ingredient VALUES (0.5, UNHEX(REPLACE('7c733a2a-fcc3-4ef8-8bde-12bacd060b75', '-','')), 84, 'spiseskje');
INSERT INTO recipe_ingredient VALUES (1.0, UNHEX(REPLACE('bb294ced-18d0-4e80-8e31-a1745a9a7ab3', '-','')), 13, 'stykk');
INSERT INTO recipe_ingredient VALUES (0.25, UNHEX(REPLACE('bb294ced-18d0-4e80-8e31-a1745a9a7ab3', '-','')), 68, 'stykk');
INSERT INTO recipe_ingredient VALUES (0.5, UNHEX(REPLACE('bb294ced-18d0-4e80-8e31-a1745a9a7ab3', '-','')), 50, 'stykk');
INSERT INTO recipe_ingredient VALUES (0.25, UNHEX(REPLACE('bb294ced-18d0-4e80-8e31-a1745a9a7ab3', '-','')), 85, 'stykk');
INSERT INTO recipe_ingredient VALUES (75.0, UNHEX(REPLACE('bb294ced-18d0-4e80-8e31-a1745a9a7ab3', '-','')), 86, 'gram');
INSERT INTO recipe_ingredient VALUES (0.25, UNHEX(REPLACE('bb294ced-18d0-4e80-8e31-a1745a9a7ab3', '-','')), 87, 'spiseskje');
INSERT INTO recipe_ingredient VALUES (25.0, UNHEX(REPLACE('bb294ced-18d0-4e80-8e31-a1745a9a7ab3', '-','')), 88, 'gram');
INSERT INTO recipe_ingredient VALUES (37.5, UNHEX(REPLACE('bb294ced-18d0-4e80-8e31-a1745a9a7ab3', '-','')), 89, 'gram');
INSERT INTO recipe_ingredient VALUES (1.5, UNHEX(REPLACE('bb294ced-18d0-4e80-8e31-a1745a9a7ab3', '-','')), 90, 'desiliter');
INSERT INTO recipe_ingredient VALUES (0.0, UNHEX(REPLACE('bb294ced-18d0-4e80-8e31-a1745a9a7ab3', '-','')), 25, 'stykk');
INSERT INTO recipe_ingredient VALUES (0.0, UNHEX(REPLACE('bb294ced-18d0-4e80-8e31-a1745a9a7ab3', '-','')), 33, 'stykk');
INSERT INTO recipe_ingredient VALUES (1.0, UNHEX(REPLACE('76e549a0-cb84-4066-825b-2df510c78199', '-','')), 63, 'stykk');
INSERT INTO recipe_ingredient VALUES (150.0, UNHEX(REPLACE('76e549a0-cb84-4066-825b-2df510c78199', '-','')), 91, 'gram');
INSERT INTO recipe_ingredient VALUES (0.0, UNHEX(REPLACE('76e549a0-cb84-4066-825b-2df510c78199', '-','')), 25, 'stykk');
INSERT INTO recipe_ingredient VALUES (0.0, UNHEX(REPLACE('76e549a0-cb84-4066-825b-2df510c78199', '-','')), 33, 'stykk');
INSERT INTO recipe_ingredient VALUES (0.5, UNHEX(REPLACE('76e549a0-cb84-4066-825b-2df510c78199', '-','')), 8, 'spiseskje');
INSERT INTO recipe_ingredient VALUES (4.0, UNHEX(REPLACE('76e549a0-cb84-4066-825b-2df510c78199', '-','')), 92, 'stykk');
INSERT INTO recipe_ingredient VALUES (1.0, UNHEX(REPLACE('76e549a0-cb84-4066-825b-2df510c78199', '-','')), 93, 'spiseskje');
INSERT INTO recipe_ingredient VALUES (12.5, UNHEX(REPLACE('76e549a0-cb84-4066-825b-2df510c78199', '-','')), 94, 'gram');
INSERT INTO recipe_ingredient VALUES (3.0, UNHEX(REPLACE('f197305f-b798-41d2-b069-6a8cd459eb08', '-','')), 95, 'stykk');
INSERT INTO recipe_ingredient VALUES (0.5, UNHEX(REPLACE('f197305f-b798-41d2-b069-6a8cd459eb08', '-','')), 8, 'spiseskje');
INSERT INTO recipe_ingredient VALUES (0.125, UNHEX(REPLACE('f197305f-b798-41d2-b069-6a8cd459eb08', '-','')), 52, 'stykk');
INSERT INTO recipe_ingredient VALUES (0.25, UNHEX(REPLACE('f197305f-b798-41d2-b069-6a8cd459eb08', '-','')), 96, 'stykk');
INSERT INTO recipe_ingredient VALUES (0.25, UNHEX(REPLACE('f197305f-b798-41d2-b069-6a8cd459eb08', '-','')), 16, 'stykk');
INSERT INTO recipe_ingredient VALUES (0.25, UNHEX(REPLACE('f197305f-b798-41d2-b069-6a8cd459eb08', '-','')), 97, 'stykk');
INSERT INTO recipe_ingredient VALUES (0.75, UNHEX(REPLACE('f197305f-b798-41d2-b069-6a8cd459eb08', '-','')), 98, 'spiseskje');
INSERT INTO recipe_ingredient VALUES (1.0, UNHEX(REPLACE('f197305f-b798-41d2-b069-6a8cd459eb08', '-','')), 74, 'desiliter');
INSERT INTO recipe_ingredient VALUES (0.5, UNHEX(REPLACE('f197305f-b798-41d2-b069-6a8cd459eb08', '-','')), 99, 'spiseskje');
INSERT INTO recipe_ingredient VALUES (0.0, UNHEX(REPLACE('f197305f-b798-41d2-b069-6a8cd459eb08', '-','')), 25, 'stykk');
INSERT INTO recipe_ingredient VALUES (0.25, UNHEX(REPLACE('f197305f-b798-41d2-b069-6a8cd459eb08', '-','')), 33, 'stykk');
INSERT INTO recipe_ingredient VALUES (1.0, UNHEX(REPLACE('114bdc86-f68f-4a5e-a835-c8a67cbec4e6', '-','')), 100, 'stykk');
INSERT INTO recipe_ingredient VALUES (0.5, UNHEX(REPLACE('114bdc86-f68f-4a5e-a835-c8a67cbec4e6', '-','')), 16, 'stykk');
INSERT INTO recipe_ingredient VALUES (0.5, UNHEX(REPLACE('114bdc86-f68f-4a5e-a835-c8a67cbec4e6', '-','')), 101, 'spiseskje');
INSERT INTO recipe_ingredient VALUES (0.25, UNHEX(REPLACE('114bdc86-f68f-4a5e-a835-c8a67cbec4e6', '-','')), 32, 'desiliter');
INSERT INTO recipe_ingredient VALUES (0.25, UNHEX(REPLACE('114bdc86-f68f-4a5e-a835-c8a67cbec4e6', '-','')), 75, 'stykk');
INSERT INTO recipe_ingredient VALUES (0.0, UNHEX(REPLACE('114bdc86-f68f-4a5e-a835-c8a67cbec4e6', '-','')), 102, 'stykk');
INSERT INTO recipe_ingredient VALUES (25.0, UNHEX(REPLACE('114bdc86-f68f-4a5e-a835-c8a67cbec4e6', '-','')), 12, 'gram');
INSERT INTO recipe_ingredient VALUES (0.25, UNHEX(REPLACE('114bdc86-f68f-4a5e-a835-c8a67cbec4e6', '-','')), 103, 'desiliter');
INSERT INTO recipe_ingredient VALUES (0.0, UNHEX(REPLACE('114bdc86-f68f-4a5e-a835-c8a67cbec4e6', '-','')), 104, 'stykk');
INSERT INTO recipe_ingredient VALUES (0.0, UNHEX(REPLACE('114bdc86-f68f-4a5e-a835-c8a67cbec4e6', '-','')), 25, 'stykk');
INSERT INTO recipe_ingredient VALUES (0.0, UNHEX(REPLACE('114bdc86-f68f-4a5e-a835-c8a67cbec4e6', '-','')), 33, 'stykk');
INSERT INTO recipe_ingredient VALUES (25.0, UNHEX(REPLACE('64e51af7-cc17-4a69-ab76-49fa5496b2ed', '-','')), 28, 'gram');
INSERT INTO recipe_ingredient VALUES (0.5, UNHEX(REPLACE('64e51af7-cc17-4a69-ab76-49fa5496b2ed', '-','')), 105, 'spiseskje');
INSERT INTO recipe_ingredient VALUES (0.25, UNHEX(REPLACE('64e51af7-cc17-4a69-ab76-49fa5496b2ed', '-','')), 106, 'stykk');
INSERT INTO recipe_ingredient VALUES (1.0, UNHEX(REPLACE('64e51af7-cc17-4a69-ab76-49fa5496b2ed', '-','')), 107, 'stykk');
INSERT INTO recipe_ingredient VALUES (0.5, UNHEX(REPLACE('7615677f-8ff7-4560-bb8d-b797324513ed', '-','')), 13, 'stykk');
INSERT INTO recipe_ingredient VALUES (0.25, UNHEX(REPLACE('7615677f-8ff7-4560-bb8d-b797324513ed', '-','')), 29, 'stykk');
INSERT INTO recipe_ingredient VALUES (0.25, UNHEX(REPLACE('7615677f-8ff7-4560-bb8d-b797324513ed', '-','')), 108, 'stykk');
INSERT INTO recipe_ingredient VALUES (32.5, UNHEX(REPLACE('7615677f-8ff7-4560-bb8d-b797324513ed', '-','')), 10, 'gram');
INSERT INTO recipe_ingredient VALUES (31.25, UNHEX(REPLACE('7615677f-8ff7-4560-bb8d-b797324513ed', '-','')), 109, 'gram');
INSERT INTO recipe_ingredient VALUES (0.5, UNHEX(REPLACE('7615677f-8ff7-4560-bb8d-b797324513ed', '-','')), 8, 'spiseskje');
INSERT INTO recipe_ingredient VALUES (0.0, UNHEX(REPLACE('7615677f-8ff7-4560-bb8d-b797324513ed', '-','')), 25, 'stykk');
INSERT INTO recipe_ingredient VALUES (0.0, UNHEX(REPLACE('7615677f-8ff7-4560-bb8d-b797324513ed', '-','')), 33, 'stykk');
INSERT INTO recipe_ingredient VALUES (100.0, UNHEX(REPLACE('3bcc728b-e2af-4e93-95f1-ff09a0b0c61a', '-','')), 110, 'gram');
INSERT INTO recipe_ingredient VALUES (0.25, UNHEX(REPLACE('3bcc728b-e2af-4e93-95f1-ff09a0b0c61a', '-','')), 16, 'stykk');
INSERT INTO recipe_ingredient VALUES (0.375, UNHEX(REPLACE('3bcc728b-e2af-4e93-95f1-ff09a0b0c61a', '-','')), 64, 'stykk');
INSERT INTO recipe_ingredient VALUES (0.25, UNHEX(REPLACE('3bcc728b-e2af-4e93-95f1-ff09a0b0c61a', '-','')), 111, 'stykk');
INSERT INTO recipe_ingredient VALUES (1.0, UNHEX(REPLACE('3bcc728b-e2af-4e93-95f1-ff09a0b0c61a', '-','')), 105, 'stykk');
INSERT INTO recipe_ingredient VALUES (0.25, UNHEX(REPLACE('3bcc728b-e2af-4e93-95f1-ff09a0b0c61a', '-','')), 112, 'stykk');
INSERT INTO recipe_ingredient VALUES (1.0, UNHEX(REPLACE('3bcc728b-e2af-4e93-95f1-ff09a0b0c61a', '-','')), 113, 'stykk');
INSERT INTO recipe_ingredient VALUES (1.5, UNHEX(REPLACE('3bcc728b-e2af-4e93-95f1-ff09a0b0c61a', '-','')), 114, 'stykk');
INSERT INTO recipe_ingredient VALUES (1.0, UNHEX(REPLACE('3bcc728b-e2af-4e93-95f1-ff09a0b0c61a', '-','')), 115, 'spiseskje');
INSERT INTO recipe_ingredient VALUES (0.25, UNHEX(REPLACE('3bcc728b-e2af-4e93-95f1-ff09a0b0c61a', '-','')), 116, 'stykk');
INSERT INTO recipe_ingredient VALUES (0.5, UNHEX(REPLACE('3bcc728b-e2af-4e93-95f1-ff09a0b0c61a', '-','')), 4, 'stykk');
INSERT INTO recipe_ingredient VALUES (0.0, UNHEX(REPLACE('3bcc728b-e2af-4e93-95f1-ff09a0b0c61a', '-','')), 117, 'stykk');
INSERT INTO recipe_ingredient VALUES (0.0, UNHEX(REPLACE('3bcc728b-e2af-4e93-95f1-ff09a0b0c61a', '-','')), 25, 'stykk');
INSERT INTO recipe_ingredient VALUES (0.0, UNHEX(REPLACE('3bcc728b-e2af-4e93-95f1-ff09a0b0c61a', '-','')), 33, 'stykk');
INSERT INTO recipe_ingredient VALUES (0.5, UNHEX(REPLACE('cbfbc355-9aed-4030-b86d-9e90834455be', '-','')), 118, 'stykk');
INSERT INTO recipe_ingredient VALUES (50.0, UNHEX(REPLACE('cbfbc355-9aed-4030-b86d-9e90834455be', '-','')), 119, 'gram');
INSERT INTO recipe_ingredient VALUES (0.5, UNHEX(REPLACE('cbfbc355-9aed-4030-b86d-9e90834455be', '-','')), 14, 'spiseskje');
INSERT INTO recipe_ingredient VALUES (0.125, UNHEX(REPLACE('cbfbc355-9aed-4030-b86d-9e90834455be', '-','')), 120, 'stykk');
INSERT INTO recipe_ingredient VALUES (0.125, UNHEX(REPLACE('cbfbc355-9aed-4030-b86d-9e90834455be', '-','')), 44, 'stykk');
INSERT INTO recipe_ingredient VALUES (0.25, UNHEX(REPLACE('cbfbc355-9aed-4030-b86d-9e90834455be', '-','')), 4, 'stykk');
INSERT INTO recipe_ingredient VALUES (0.25, UNHEX(REPLACE('cbfbc355-9aed-4030-b86d-9e90834455be', '-','')), 108, 'stykk');
INSERT INTO recipe_ingredient VALUES (0.25, UNHEX(REPLACE('cbfbc355-9aed-4030-b86d-9e90834455be', '-','')), 121, 'stykk');
INSERT INTO recipe_ingredient VALUES (1.0, UNHEX(REPLACE('cbfbc355-9aed-4030-b86d-9e90834455be', '-','')), 122, 'spiseskje');
INSERT INTO recipe_ingredient VALUES (0.5, UNHEX(REPLACE('cbfbc355-9aed-4030-b86d-9e90834455be', '-','')), 123, 'spiseskje');
INSERT INTO recipe_ingredient VALUES (225.0, UNHEX(REPLACE('aa15a75d-2234-46b7-8640-463727d28197', '-','')), 124, 'gram');
INSERT INTO recipe_ingredient VALUES (100.0, UNHEX(REPLACE('aa15a75d-2234-46b7-8640-463727d28197', '-','')), 125, 'gram');
INSERT INTO recipe_ingredient VALUES (100.0, UNHEX(REPLACE('aa15a75d-2234-46b7-8640-463727d28197', '-','')), 126, 'gram');
INSERT INTO recipe_ingredient VALUES (37.5, UNHEX(REPLACE('aa15a75d-2234-46b7-8640-463727d28197', '-','')), 28, 'gram');
INSERT INTO recipe_ingredient VALUES (0.0, UNHEX(REPLACE('aa15a75d-2234-46b7-8640-463727d28197', '-','')), 25, 'stykk');
INSERT INTO recipe_ingredient VALUES (100.0, UNHEX(REPLACE('aa15a75d-2234-46b7-8640-463727d28197', '-','')), 127, 'gram');
INSERT INTO recipe_ingredient VALUES (0.0, UNHEX(REPLACE('aa15a75d-2234-46b7-8640-463727d28197', '-','')), 33, 'stykk');
INSERT INTO recipe_ingredient VALUES (0.5, UNHEX(REPLACE('063de78a-92ed-4549-90d7-96c33c6a916b', '-','')), 13, 'stykk');
INSERT INTO recipe_ingredient VALUES (0.25, UNHEX(REPLACE('063de78a-92ed-4549-90d7-96c33c6a916b', '-','')), 128, 'stykk');
INSERT INTO recipe_ingredient VALUES (0.25, UNHEX(REPLACE('063de78a-92ed-4549-90d7-96c33c6a916b', '-','')), 68, 'stykk');
INSERT INTO recipe_ingredient VALUES (0.5, UNHEX(REPLACE('063de78a-92ed-4549-90d7-96c33c6a916b', '-','')), 50, 'stykk');
INSERT INTO recipe_ingredient VALUES (0.75, UNHEX(REPLACE('063de78a-92ed-4549-90d7-96c33c6a916b', '-','')), 129, 'stykk');
INSERT INTO recipe_ingredient VALUES (0.375, UNHEX(REPLACE('063de78a-92ed-4549-90d7-96c33c6a916b', '-','')), 90, 'desiliter');
INSERT INTO recipe_ingredient VALUES (0.125, UNHEX(REPLACE('063de78a-92ed-4549-90d7-96c33c6a916b', '-','')), 65, 'stykk');
INSERT INTO recipe_ingredient VALUES (100.0, UNHEX(REPLACE('063de78a-92ed-4549-90d7-96c33c6a916b', '-','')), 130, 'gram');
INSERT INTO recipe_ingredient VALUES (0.0, UNHEX(REPLACE('063de78a-92ed-4549-90d7-96c33c6a916b', '-','')), 111, 'stykk');
INSERT INTO recipe_ingredient VALUES (0.0, UNHEX(REPLACE('063de78a-92ed-4549-90d7-96c33c6a916b', '-','')), 67, 'stykk');
INSERT INTO recipe_ingredient VALUES (200.0, UNHEX(REPLACE('3145dedb-a3c4-4e93-8ac7-cf9758bc6006', '-','')), 131, 'gram');
INSERT INTO recipe_ingredient VALUES (0.75, UNHEX(REPLACE('3145dedb-a3c4-4e93-8ac7-cf9758bc6006', '-','')), 32, 'spiseskje');
INSERT INTO recipe_ingredient VALUES (0.75, UNHEX(REPLACE('3145dedb-a3c4-4e93-8ac7-cf9758bc6006', '-','')), 64, 'stykk');
INSERT INTO recipe_ingredient VALUES (0.5, UNHEX(REPLACE('3145dedb-a3c4-4e93-8ac7-cf9758bc6006', '-','')), 68, 'stykk');
INSERT INTO recipe_ingredient VALUES (0.5, UNHEX(REPLACE('3145dedb-a3c4-4e93-8ac7-cf9758bc6006', '-','')), 132, 'stykk');
INSERT INTO recipe_ingredient VALUES (0.5, UNHEX(REPLACE('3145dedb-a3c4-4e93-8ac7-cf9758bc6006', '-','')), 133, 'desiliter');
INSERT INTO recipe_ingredient VALUES (0.5, UNHEX(REPLACE('3145dedb-a3c4-4e93-8ac7-cf9758bc6006', '-','')), 134, 'spiseskje');
INSERT INTO recipe_ingredient VALUES (0.25, UNHEX(REPLACE('3145dedb-a3c4-4e93-8ac7-cf9758bc6006', '-','')), 135, 'stykk');
INSERT INTO recipe_ingredient VALUES (0.5, UNHEX(REPLACE('3145dedb-a3c4-4e93-8ac7-cf9758bc6006', '-','')), 136, 'stykk');
INSERT INTO recipe_ingredient VALUES (0.0, UNHEX(REPLACE('3145dedb-a3c4-4e93-8ac7-cf9758bc6006', '-','')), 33, 'stykk');
INSERT INTO recipe_ingredient VALUES (0.0, UNHEX(REPLACE('3145dedb-a3c4-4e93-8ac7-cf9758bc6006', '-','')), 25, 'stykk');
INSERT INTO recipe_ingredient VALUES (0.25, UNHEX(REPLACE('3145dedb-a3c4-4e93-8ac7-cf9758bc6006', '-','')), 137, 'teskje');
INSERT INTO recipe_ingredient VALUES (0.25, UNHEX(REPLACE('3145dedb-a3c4-4e93-8ac7-cf9758bc6006', '-','')), 138, 'teskje');
INSERT INTO recipe_ingredient VALUES (1.0, UNHEX(REPLACE('32274acc-bf5b-4f26-b64a-7c25c0c47b1c', '-','')), 13, 'stykk');
INSERT INTO recipe_ingredient VALUES (0.25, UNHEX(REPLACE('32274acc-bf5b-4f26-b64a-7c25c0c47b1c', '-','')), 68, 'stykk');
INSERT INTO recipe_ingredient VALUES (0.5, UNHEX(REPLACE('32274acc-bf5b-4f26-b64a-7c25c0c47b1c', '-','')), 15, 'stykk');
INSERT INTO recipe_ingredient VALUES (0.5, UNHEX(REPLACE('32274acc-bf5b-4f26-b64a-7c25c0c47b1c', '-','')), 64, 'stykk');
INSERT INTO recipe_ingredient VALUES (0.75, UNHEX(REPLACE('32274acc-bf5b-4f26-b64a-7c25c0c47b1c', '-','')), 139, 'desiliter');
INSERT INTO recipe_ingredient VALUES (12.5, UNHEX(REPLACE('32274acc-bf5b-4f26-b64a-7c25c0c47b1c', '-','')), 67, 'gram');
INSERT INTO recipe_ingredient VALUES (1.0, UNHEX(REPLACE('32274acc-bf5b-4f26-b64a-7c25c0c47b1c', '-','')), 140, 'stykk');
INSERT INTO recipe_ingredient VALUES (0.0, UNHEX(REPLACE('32274acc-bf5b-4f26-b64a-7c25c0c47b1c', '-','')), 25, 'stykk');
INSERT INTO recipe_ingredient VALUES (0.0, UNHEX(REPLACE('32274acc-bf5b-4f26-b64a-7c25c0c47b1c', '-','')), 33, 'stykk');
INSERT INTO recipe_ingredient VALUES (0.5, UNHEX(REPLACE('20d98b95-0733-4688-928c-be5115c5a124', '-','')), 141, 'stykk');
INSERT INTO recipe_ingredient VALUES (0.5, UNHEX(REPLACE('20d98b95-0733-4688-928c-be5115c5a124', '-','')), 8, 'spiseskje');
INSERT INTO recipe_ingredient VALUES (0.5, UNHEX(REPLACE('20d98b95-0733-4688-928c-be5115c5a124', '-','')), 9, 'stykk');
INSERT INTO recipe_ingredient VALUES (0.125, UNHEX(REPLACE('20d98b95-0733-4688-928c-be5115c5a124', '-','')), 142, 'stykk');
INSERT INTO recipe_ingredient VALUES (0.25, UNHEX(REPLACE('20d98b95-0733-4688-928c-be5115c5a124', '-','')), 77, 'stykk');
INSERT INTO recipe_ingredient VALUES (2.0, UNHEX(REPLACE('20d98b95-0733-4688-928c-be5115c5a124', '-','')), 92, 'stykk');
INSERT INTO recipe_ingredient VALUES (0.5, UNHEX(REPLACE('fe451a7b-8f10-41c7-8c67-1c4645b2b217', '-','')), 28, 'spiseskje');
INSERT INTO recipe_ingredient VALUES (150.0, UNHEX(REPLACE('fe451a7b-8f10-41c7-8c67-1c4645b2b217', '-','')), 143, 'gram');
INSERT INTO recipe_ingredient VALUES (0.25, UNHEX(REPLACE('fe451a7b-8f10-41c7-8c67-1c4645b2b217', '-','')), 15, 'stykk');
INSERT INTO recipe_ingredient VALUES (0.25, UNHEX(REPLACE('fe451a7b-8f10-41c7-8c67-1c4645b2b217', '-','')), 16, 'stykk');
INSERT INTO recipe_ingredient VALUES (0.5, UNHEX(REPLACE('fe451a7b-8f10-41c7-8c67-1c4645b2b217', '-','')), 4, 'stykk');
INSERT INTO recipe_ingredient VALUES (25.0, UNHEX(REPLACE('fe451a7b-8f10-41c7-8c67-1c4645b2b217', '-','')), 144, 'gram');
INSERT INTO recipe_ingredient VALUES (50.0, UNHEX(REPLACE('fe451a7b-8f10-41c7-8c67-1c4645b2b217', '-','')), 57, 'gram');
INSERT INTO recipe_ingredient VALUES (0.5, UNHEX(REPLACE('fe451a7b-8f10-41c7-8c67-1c4645b2b217', '-','')), 24, 'spiseskje');
INSERT INTO recipe_ingredient VALUES (1.0, UNHEX(REPLACE('fe451a7b-8f10-41c7-8c67-1c4645b2b217', '-','')), 27, 'desiliter');
INSERT INTO recipe_ingredient VALUES (0.0, UNHEX(REPLACE('fe451a7b-8f10-41c7-8c67-1c4645b2b217', '-','')), 25, 'stykk');
INSERT INTO recipe_ingredient VALUES (0.0, UNHEX(REPLACE('fe451a7b-8f10-41c7-8c67-1c4645b2b217', '-','')), 33, 'stykk');
INSERT INTO recipe_ingredient VALUES (0.5, UNHEX(REPLACE('66b92cad-d5b1-434f-aea5-4142f6553827', '-','')), 145, 'stykk');
INSERT INTO recipe_ingredient VALUES (0.5, UNHEX(REPLACE('66b92cad-d5b1-434f-aea5-4142f6553827', '-','')), 146, 'stykk');
INSERT INTO recipe_ingredient VALUES (0.25, UNHEX(REPLACE('66b92cad-d5b1-434f-aea5-4142f6553827', '-','')), 58, 'stykk');
INSERT INTO recipe_ingredient VALUES (0.0625, UNHEX(REPLACE('66b92cad-d5b1-434f-aea5-4142f6553827', '-','')), 147, 'stykk');
INSERT INTO recipe_ingredient VALUES (0.25, UNHEX(REPLACE('66b92cad-d5b1-434f-aea5-4142f6553827', '-','')), 148, 'stykk');
INSERT INTO recipe_ingredient VALUES (0.0, UNHEX(REPLACE('66b92cad-d5b1-434f-aea5-4142f6553827', '-','')), 25, 'stykk');
INSERT INTO recipe_ingredient VALUES (0.0, UNHEX(REPLACE('66b92cad-d5b1-434f-aea5-4142f6553827', '-','')), 33, 'stykk');
INSERT INTO recipe_ingredient VALUES (0.25, UNHEX(REPLACE('66b92cad-d5b1-434f-aea5-4142f6553827', '-','')), 32, 'desiliter');
INSERT INTO recipe_ingredient VALUES (0.5, UNHEX(REPLACE('66b92cad-d5b1-434f-aea5-4142f6553827', '-','')), 149, 'stykk');
INSERT INTO recipe_ingredient VALUES (0.5, UNHEX(REPLACE('66b92cad-d5b1-434f-aea5-4142f6553827', '-','')), 82, 'spiseskje');
INSERT INTO recipe_ingredient VALUES (37.5, UNHEX(REPLACE('66b92cad-d5b1-434f-aea5-4142f6553827', '-','')), 150, 'gram');
INSERT INTO recipe_ingredient VALUES (0.5, UNHEX(REPLACE('66b92cad-d5b1-434f-aea5-4142f6553827', '-','')), 116, 'desiliter');
INSERT INTO recipe_ingredient VALUES (0.5, UNHEX(REPLACE('66b92cad-d5b1-434f-aea5-4142f6553827', '-','')), 151, 'spiseskje');
INSERT INTO recipe_ingredient VALUES (150.0, UNHEX(REPLACE('343125c7-dcec-4cf7-81e8-ba52ed42a7e2', '-','')), 149, 'gram');
INSERT INTO recipe_ingredient VALUES (0.125, UNHEX(REPLACE('343125c7-dcec-4cf7-81e8-ba52ed42a7e2', '-','')), 152, 'teskje');
INSERT INTO recipe_ingredient VALUES (0.25, UNHEX(REPLACE('343125c7-dcec-4cf7-81e8-ba52ed42a7e2', '-','')), 153, 'teskje');
INSERT INTO recipe_ingredient VALUES (0.125, UNHEX(REPLACE('343125c7-dcec-4cf7-81e8-ba52ed42a7e2', '-','')), 154, 'teskje');
INSERT INTO recipe_ingredient VALUES (0.25, UNHEX(REPLACE('343125c7-dcec-4cf7-81e8-ba52ed42a7e2', '-','')), 155, 'spiseskje');
INSERT INTO recipe_ingredient VALUES (0.5, UNHEX(REPLACE('343125c7-dcec-4cf7-81e8-ba52ed42a7e2', '-','')), 8, 'spiseskje');
INSERT INTO recipe_ingredient VALUES (0.25, UNHEX(REPLACE('343125c7-dcec-4cf7-81e8-ba52ed42a7e2', '-','')), 52, 'stykk');
INSERT INTO recipe_ingredient VALUES (0.5, UNHEX(REPLACE('343125c7-dcec-4cf7-81e8-ba52ed42a7e2', '-','')), 50, 'stykk');
INSERT INTO recipe_ingredient VALUES (0.25, UNHEX(REPLACE('343125c7-dcec-4cf7-81e8-ba52ed42a7e2', '-','')), 68, 'stykk');
INSERT INTO recipe_ingredient VALUES (0.25, UNHEX(REPLACE('343125c7-dcec-4cf7-81e8-ba52ed42a7e2', '-','')), 120, 'stykk');
INSERT INTO recipe_ingredient VALUES (0.25, UNHEX(REPLACE('343125c7-dcec-4cf7-81e8-ba52ed42a7e2', '-','')), 156, 'stykk');
INSERT INTO recipe_ingredient VALUES (0.25, UNHEX(REPLACE('343125c7-dcec-4cf7-81e8-ba52ed42a7e2', '-','')), 105, 'stykk');
INSERT INTO recipe_ingredient VALUES (1.5, UNHEX(REPLACE('343125c7-dcec-4cf7-81e8-ba52ed42a7e2', '-','')), 74, 'desiliter');
INSERT INTO recipe_ingredient VALUES (0.0, UNHEX(REPLACE('343125c7-dcec-4cf7-81e8-ba52ed42a7e2', '-','')), 25, 'stykk');
INSERT INTO recipe_ingredient VALUES (0.25, UNHEX(REPLACE('343125c7-dcec-4cf7-81e8-ba52ed42a7e2', '-','')), 20, 'stykk');
INSERT INTO recipe_ingredient VALUES (25.0, UNHEX(REPLACE('343125c7-dcec-4cf7-81e8-ba52ed42a7e2', '-','')), 30, 'gram');
INSERT INTO recipe_ingredient VALUES (0.0, UNHEX(REPLACE('343125c7-dcec-4cf7-81e8-ba52ed42a7e2', '-','')), 75, 'stykk');
INSERT INTO recipe_ingredient VALUES (162.5, UNHEX(REPLACE('2412e61f-d744-44db-92dd-b241efcd36e1', '-','')), 13, 'gram');
INSERT INTO recipe_ingredient VALUES (0.5, UNHEX(REPLACE('2412e61f-d744-44db-92dd-b241efcd36e1', '-','')), 4, 'stykk');
INSERT INTO recipe_ingredient VALUES (37.5, UNHEX(REPLACE('2412e61f-d744-44db-92dd-b241efcd36e1', '-','')), 157, 'gram');
INSERT INTO recipe_ingredient VALUES (1.0, UNHEX(REPLACE('2412e61f-d744-44db-92dd-b241efcd36e1', '-','')), 59, 'spiseskje');
INSERT INTO recipe_ingredient VALUES (2.0, UNHEX(REPLACE('2412e61f-d744-44db-92dd-b241efcd36e1', '-','')), 158, 'spiseskje');
INSERT INTO recipe_ingredient VALUES (0.5, UNHEX(REPLACE('2412e61f-d744-44db-92dd-b241efcd36e1', '-','')), 8, 'spiseskje');
INSERT INTO recipe_ingredient VALUES (2.0, UNHEX(REPLACE('2412e61f-d744-44db-92dd-b241efcd36e1', '-','')), 159, 'stykk');
INSERT INTO recipe_ingredient VALUES (0.25, UNHEX(REPLACE('2412e61f-d744-44db-92dd-b241efcd36e1', '-','')), 120, 'stykk');
INSERT INTO recipe_ingredient VALUES (3.0, UNHEX(REPLACE('2412e61f-d744-44db-92dd-b241efcd36e1', '-','')), 30, 'stykk');
INSERT INTO recipe_ingredient VALUES (0.125, UNHEX(REPLACE('2412e61f-d744-44db-92dd-b241efcd36e1', '-','')), 16, 'stykk');
INSERT INTO recipe_ingredient VALUES (0.5, UNHEX(REPLACE('2412e61f-d744-44db-92dd-b241efcd36e1', '-','')), 17, 'spiseskje');
INSERT INTO recipe_ingredient VALUES (0.0, UNHEX(REPLACE('2412e61f-d744-44db-92dd-b241efcd36e1', '-','')), 160, 'stykk');
INSERT INTO recipe_ingredient VALUES (0.25, UNHEX(REPLACE('44b1d8af-8ce1-4d2f-924a-a6e62ab53751', '-','')), 68, 'stykk');
INSERT INTO recipe_ingredient VALUES (0.25, UNHEX(REPLACE('44b1d8af-8ce1-4d2f-924a-a6e62ab53751', '-','')), 146, 'stykk');
INSERT INTO recipe_ingredient VALUES (0.25, UNHEX(REPLACE('44b1d8af-8ce1-4d2f-924a-a6e62ab53751', '-','')), 161, 'stykk');
INSERT INTO recipe_ingredient VALUES (0.5, UNHEX(REPLACE('44b1d8af-8ce1-4d2f-924a-a6e62ab53751', '-','')), 64, 'stykk');
INSERT INTO recipe_ingredient VALUES (0.125, UNHEX(REPLACE('44b1d8af-8ce1-4d2f-924a-a6e62ab53751', '-','')), 162, 'stykk');
INSERT INTO recipe_ingredient VALUES (0.5, UNHEX(REPLACE('44b1d8af-8ce1-4d2f-924a-a6e62ab53751', '-','')), 32, 'spiseskje');
INSERT INTO recipe_ingredient VALUES (0.5, UNHEX(REPLACE('44b1d8af-8ce1-4d2f-924a-a6e62ab53751', '-','')), 163, 'spiseskje');
INSERT INTO recipe_ingredient VALUES (0.5, UNHEX(REPLACE('44b1d8af-8ce1-4d2f-924a-a6e62ab53751', '-','')), 164, 'stykk');
INSERT INTO recipe_ingredient VALUES (0.125, UNHEX(REPLACE('44b1d8af-8ce1-4d2f-924a-a6e62ab53751', '-','')), 72, 'stykk');
INSERT INTO recipe_ingredient VALUES (0.5, UNHEX(REPLACE('44b1d8af-8ce1-4d2f-924a-a6e62ab53751', '-','')), 165, 'spiseskje');
INSERT INTO recipe_ingredient VALUES (0.25, UNHEX(REPLACE('44b1d8af-8ce1-4d2f-924a-a6e62ab53751', '-','')), 138, 'teskje');
INSERT INTO recipe_ingredient VALUES (0.0, UNHEX(REPLACE('44b1d8af-8ce1-4d2f-924a-a6e62ab53751', '-','')), 25, 'stykk');
INSERT INTO recipe_ingredient VALUES (0.0, UNHEX(REPLACE('44b1d8af-8ce1-4d2f-924a-a6e62ab53751', '-','')), 166, 'stykk');
INSERT INTO recipe_ingredient VALUES (0.25, UNHEX(REPLACE('9d9c1331-9229-4df5-a41d-78025f6199dc', '-','')), 167, 'stykk');
INSERT INTO recipe_ingredient VALUES (0.25, UNHEX(REPLACE('9d9c1331-9229-4df5-a41d-78025f6199dc', '-','')), 8, 'spiseskje');
INSERT INTO recipe_ingredient VALUES (1.0, UNHEX(REPLACE('9d9c1331-9229-4df5-a41d-78025f6199dc', '-','')), 63, 'stykk');
INSERT INTO recipe_ingredient VALUES (0.25, UNHEX(REPLACE('9d9c1331-9229-4df5-a41d-78025f6199dc', '-','')), 30, 'stykk');
INSERT INTO recipe_ingredient VALUES (1.0, UNHEX(REPLACE('9d9c1331-9229-4df5-a41d-78025f6199dc', '-','')), 168, 'stykk');
INSERT INTO recipe_ingredient VALUES (0.5, UNHEX(REPLACE('9d9c1331-9229-4df5-a41d-78025f6199dc', '-','')), 4, 'stykk');
INSERT INTO recipe_ingredient VALUES (1.0, UNHEX(REPLACE('9d9c1331-9229-4df5-a41d-78025f6199dc', '-','')), 169, 'spiseskje');
INSERT INTO recipe_ingredient VALUES (1.0, UNHEX(REPLACE('9d9c1331-9229-4df5-a41d-78025f6199dc', '-','')), 170, 'spiseskje');
INSERT INTO recipe_ingredient VALUES (50.0, UNHEX(REPLACE('9d9c1331-9229-4df5-a41d-78025f6199dc', '-','')), 171, 'gram');
INSERT INTO recipe_ingredient VALUES (0.75, UNHEX(REPLACE('b045e5c9-6ba9-438e-867c-d0e682a311de', '-','')), 26, 'stykk');
INSERT INTO recipe_ingredient VALUES (0.5, UNHEX(REPLACE('b045e5c9-6ba9-438e-867c-d0e682a311de', '-','')), 27, 'desiliter');
INSERT INTO recipe_ingredient VALUES (37.5, UNHEX(REPLACE('b045e5c9-6ba9-438e-867c-d0e682a311de', '-','')), 24, 'gram');
INSERT INTO recipe_ingredient VALUES (0.5, UNHEX(REPLACE('b045e5c9-6ba9-438e-867c-d0e682a311de', '-','')), 172, 'spiseskje');
INSERT INTO recipe_ingredient VALUES (0.375, UNHEX(REPLACE('b045e5c9-6ba9-438e-867c-d0e682a311de', '-','')), 173, 'teskje');
INSERT INTO recipe_ingredient VALUES (0.25, UNHEX(REPLACE('b045e5c9-6ba9-438e-867c-d0e682a311de', '-','')), 25, 'stykk');
INSERT INTO recipe_ingredient VALUES (0.25, UNHEX(REPLACE('f9173733-204b-4b74-a529-03159e31467a', '-','')), 174, 'stykk');
INSERT INTO recipe_ingredient VALUES (100.0, UNHEX(REPLACE('f9173733-204b-4b74-a529-03159e31467a', '-','')), 167, 'gram');
INSERT INTO recipe_ingredient VALUES (0.5, UNHEX(REPLACE('f9173733-204b-4b74-a529-03159e31467a', '-','')), 8, 'spiseskje');
INSERT INTO recipe_ingredient VALUES (1.0, UNHEX(REPLACE('f9173733-204b-4b74-a529-03159e31467a', '-','')), 92, 'stykk');
INSERT INTO recipe_ingredient VALUES (0.25, UNHEX(REPLACE('f9173733-204b-4b74-a529-03159e31467a', '-','')), 15, 'stykk');
INSERT INTO recipe_ingredient VALUES (0.25, UNHEX(REPLACE('f9173733-204b-4b74-a529-03159e31467a', '-','')), 16, 'stykk');
INSERT INTO recipe_ingredient VALUES (0.5, UNHEX(REPLACE('f9173733-204b-4b74-a529-03159e31467a', '-','')), 17, 'spiseskje');
INSERT INTO recipe_ingredient VALUES (0.5, UNHEX(REPLACE('f9173733-204b-4b74-a529-03159e31467a', '-','')), 19, 'desiliter');
INSERT INTO recipe_ingredient VALUES (1.0, UNHEX(REPLACE('f9173733-204b-4b74-a529-03159e31467a', '-','')), 26, 'stykk');
INSERT INTO recipe_ingredient VALUES (0.25, UNHEX(REPLACE('b9fe879d-b0a7-40a8-be5e-02beabde90e3', '-','')), 175, 'stykk');
INSERT INTO recipe_ingredient VALUES (0.5, UNHEX(REPLACE('b9fe879d-b0a7-40a8-be5e-02beabde90e3', '-','')), 28, 'spiseskje');
INSERT INTO recipe_ingredient VALUES (0.5, UNHEX(REPLACE('b9fe879d-b0a7-40a8-be5e-02beabde90e3', '-','')), 176, 'spiseskje');
INSERT INTO recipe_ingredient VALUES (0.25, UNHEX(REPLACE('b9fe879d-b0a7-40a8-be5e-02beabde90e3', '-','')), 68, 'stykk');
INSERT INTO recipe_ingredient VALUES (0.25, UNHEX(REPLACE('b9fe879d-b0a7-40a8-be5e-02beabde90e3', '-','')), 120, 'stykk');
INSERT INTO recipe_ingredient VALUES (0.25, UNHEX(REPLACE('b9fe879d-b0a7-40a8-be5e-02beabde90e3', '-','')), 64, 'stykk');
INSERT INTO recipe_ingredient VALUES (0.5, UNHEX(REPLACE('b9fe879d-b0a7-40a8-be5e-02beabde90e3', '-','')), 177, 'spiseskje');
INSERT INTO recipe_ingredient VALUES (1.0, UNHEX(REPLACE('b9fe879d-b0a7-40a8-be5e-02beabde90e3', '-','')), 74, 'desiliter');
INSERT INTO recipe_ingredient VALUES (0.25, UNHEX(REPLACE('b9fe879d-b0a7-40a8-be5e-02beabde90e3', '-','')), 66, 'desiliter');
INSERT INTO recipe_ingredient VALUES (0.0, UNHEX(REPLACE('b9fe879d-b0a7-40a8-be5e-02beabde90e3', '-','')), 25, 'stykk');
INSERT INTO recipe_ingredient VALUES (0.25, UNHEX(REPLACE('b9fe879d-b0a7-40a8-be5e-02beabde90e3', '-','')), 11, 'stykk');
INSERT INTO recipe_ingredient VALUES (1.0, UNHEX(REPLACE('9cb5c386-5d72-4a49-8cc4-3c4bd5024dad', '-','')), 13, 'stykk');
INSERT INTO recipe_ingredient VALUES (0.25, UNHEX(REPLACE('9cb5c386-5d72-4a49-8cc4-3c4bd5024dad', '-','')), 80, 'stykk');
INSERT INTO recipe_ingredient VALUES (25.0, UNHEX(REPLACE('9cb5c386-5d72-4a49-8cc4-3c4bd5024dad', '-','')), 30, 'gram');
INSERT INTO recipe_ingredient VALUES (0.75, UNHEX(REPLACE('9cb5c386-5d72-4a49-8cc4-3c4bd5024dad', '-','')), 4, 'stykk');
INSERT INTO recipe_ingredient VALUES (0.75, UNHEX(REPLACE('9cb5c386-5d72-4a49-8cc4-3c4bd5024dad', '-','')), 50, 'stykk');
INSERT INTO recipe_ingredient VALUES (0.25, UNHEX(REPLACE('9cb5c386-5d72-4a49-8cc4-3c4bd5024dad', '-','')), 105, 'spiseskje');
INSERT INTO recipe_ingredient VALUES (0.25, UNHEX(REPLACE('9cb5c386-5d72-4a49-8cc4-3c4bd5024dad', '-','')), 178, 'spiseskje');
INSERT INTO recipe_ingredient VALUES (0.5, UNHEX(REPLACE('9cb5c386-5d72-4a49-8cc4-3c4bd5024dad', '-','')), 162, 'stykk');
INSERT INTO recipe_ingredient VALUES (0.5, UNHEX(REPLACE('9cb5c386-5d72-4a49-8cc4-3c4bd5024dad', '-','')), 18, 'spiseskje');
INSERT INTO recipe_ingredient VALUES (0.5, UNHEX(REPLACE('9cb5c386-5d72-4a49-8cc4-3c4bd5024dad', '-','')), 179, 'teskje');
INSERT INTO recipe_ingredient VALUES (0.75, UNHEX(REPLACE('9cb5c386-5d72-4a49-8cc4-3c4bd5024dad', '-','')), 180, 'teskje');
INSERT INTO recipe_ingredient VALUES (0.5, UNHEX(REPLACE('9cb5c386-5d72-4a49-8cc4-3c4bd5024dad', '-','')), 181, 'spiseskje');
INSERT INTO recipe_ingredient VALUES (1.0, UNHEX(REPLACE('9cb5c386-5d72-4a49-8cc4-3c4bd5024dad', '-','')), 19, 'spiseskje');
INSERT INTO recipe_ingredient VALUES (12.5, UNHEX(REPLACE('9cb5c386-5d72-4a49-8cc4-3c4bd5024dad', '-','')), 182, 'gram');
INSERT INTO recipe_ingredient VALUES (0.25, UNHEX(REPLACE('d34bb830-189b-4ea9-b094-381b1ca871f4', '-','')), 183, 'stykk');
INSERT INTO recipe_ingredient VALUES (75.0, UNHEX(REPLACE('d34bb830-189b-4ea9-b094-381b1ca871f4', '-','')), 184, 'gram');
INSERT INTO recipe_ingredient VALUES (0.75, UNHEX(REPLACE('d34bb830-189b-4ea9-b094-381b1ca871f4', '-','')), 26, 'stykk');
INSERT INTO recipe_ingredient VALUES (0.25, UNHEX(REPLACE('d34bb830-189b-4ea9-b094-381b1ca871f4', '-','')), 65, 'stykk');
INSERT INTO recipe_ingredient VALUES (0.25, UNHEX(REPLACE('d34bb830-189b-4ea9-b094-381b1ca871f4', '-','')), 185, 'stykk');
INSERT INTO recipe_ingredient VALUES (0.75, UNHEX(REPLACE('d34bb830-189b-4ea9-b094-381b1ca871f4', '-','')), 139, 'desiliter');
INSERT INTO recipe_ingredient VALUES (0.0, UNHEX(REPLACE('d34bb830-189b-4ea9-b094-381b1ca871f4', '-','')), 25, 'stykk');
INSERT INTO recipe_ingredient VALUES (0.0, UNHEX(REPLACE('d34bb830-189b-4ea9-b094-381b1ca871f4', '-','')), 33, 'stykk');
INSERT INTO recipe_ingredient VALUES (0.5, UNHEX(REPLACE('59c6529c-4209-441d-b159-a432f8925d11', '-','')), 49, 'stykk');
INSERT INTO recipe_ingredient VALUES (0.25, UNHEX(REPLACE('59c6529c-4209-441d-b159-a432f8925d11', '-','')), 8, 'spiseskje');
INSERT INTO recipe_ingredient VALUES (50.0, UNHEX(REPLACE('59c6529c-4209-441d-b159-a432f8925d11', '-','')), 186, 'gram');
INSERT INTO recipe_ingredient VALUES (0.5, UNHEX(REPLACE('59c6529c-4209-441d-b159-a432f8925d11', '-','')), 187, 'spiseskje');
INSERT INTO recipe_ingredient VALUES (0.125, UNHEX(REPLACE('59c6529c-4209-441d-b159-a432f8925d11', '-','')), 188, 'stykk');
INSERT INTO recipe_ingredient VALUES (0.0, UNHEX(REPLACE('59c6529c-4209-441d-b159-a432f8925d11', '-','')), 25, 'stykk');
INSERT INTO recipe_ingredient VALUES (0.0, UNHEX(REPLACE('59c6529c-4209-441d-b159-a432f8925d11', '-','')), 33, 'stykk');
INSERT INTO recipe_ingredient VALUES (0.25, UNHEX(REPLACE('59c6529c-4209-441d-b159-a432f8925d11', '-','')), 65, 'stykk');
INSERT INTO recipe_ingredient VALUES (100.0, UNHEX(REPLACE('cb97522c-cdd2-40c9-bfbe-98bdd5f5891d', '-','')), 189, 'gram');
INSERT INTO recipe_ingredient VALUES (0.25, UNHEX(REPLACE('cb97522c-cdd2-40c9-bfbe-98bdd5f5891d', '-','')), 190, 'stykk');
INSERT INTO recipe_ingredient VALUES (0.375, UNHEX(REPLACE('cb97522c-cdd2-40c9-bfbe-98bdd5f5891d', '-','')), 191, 'spiseskje');
INSERT INTO recipe_ingredient VALUES (0.5, UNHEX(REPLACE('cb97522c-cdd2-40c9-bfbe-98bdd5f5891d', '-','')), 50, 'stykk');
INSERT INTO recipe_ingredient VALUES (0.5, UNHEX(REPLACE('cb97522c-cdd2-40c9-bfbe-98bdd5f5891d', '-','')), 20, 'stykk');
INSERT INTO recipe_ingredient VALUES (0.25, UNHEX(REPLACE('cb97522c-cdd2-40c9-bfbe-98bdd5f5891d', '-','')), 65, 'stykk');
INSERT INTO recipe_ingredient VALUES (0.25, UNHEX(REPLACE('cb97522c-cdd2-40c9-bfbe-98bdd5f5891d', '-','')), 192, 'teskje');
INSERT INTO recipe_ingredient VALUES (0.5, UNHEX(REPLACE('cb97522c-cdd2-40c9-bfbe-98bdd5f5891d', '-','')), 18, 'spiseskje');
INSERT INTO recipe_ingredient VALUES (0.125, UNHEX(REPLACE('cb97522c-cdd2-40c9-bfbe-98bdd5f5891d', '-','')), 35, 'stykk');
INSERT INTO recipe_ingredient VALUES (1.0, UNHEX(REPLACE('cb97522c-cdd2-40c9-bfbe-98bdd5f5891d', '-','')), 193, 'stykk');
INSERT INTO recipe_ingredient VALUES (0.25, UNHEX(REPLACE('cb97522c-cdd2-40c9-bfbe-98bdd5f5891d', '-','')), 194, 'stykk');
INSERT INTO recipe_ingredient VALUES (0.5, UNHEX(REPLACE('cb97522c-cdd2-40c9-bfbe-98bdd5f5891d', '-','')), 8, 'spiseskje');
INSERT INTO recipe_ingredient VALUES (0.25, UNHEX(REPLACE('cb97522c-cdd2-40c9-bfbe-98bdd5f5891d', '-','')), 195, 'desiliter');
INSERT INTO recipe_ingredient VALUES (0.0, UNHEX(REPLACE('cb97522c-cdd2-40c9-bfbe-98bdd5f5891d', '-','')), 196, 'stykk');
INSERT INTO recipe_ingredient VALUES (0.0, UNHEX(REPLACE('cb97522c-cdd2-40c9-bfbe-98bdd5f5891d', '-','')), 123, 'stykk');
INSERT INTO recipe_ingredient VALUES (100.0, UNHEX(REPLACE('554ff796-5807-4f6a-a57e-8f9ae74db7cb', '-','')), 167, 'gram');
INSERT INTO recipe_ingredient VALUES (1.0, UNHEX(REPLACE('554ff796-5807-4f6a-a57e-8f9ae74db7cb', '-','')), 17, 'spiseskje');
INSERT INTO recipe_ingredient VALUES (0.5, UNHEX(REPLACE('554ff796-5807-4f6a-a57e-8f9ae74db7cb', '-','')), 8, 'spiseskje');
INSERT INTO recipe_ingredient VALUES (0.5, UNHEX(REPLACE('554ff796-5807-4f6a-a57e-8f9ae74db7cb', '-','')), 12, 'stykk');
INSERT INTO recipe_ingredient VALUES (0.25, UNHEX(REPLACE('554ff796-5807-4f6a-a57e-8f9ae74db7cb', '-','')), 108, 'stykk');
INSERT INTO recipe_ingredient VALUES (4.0, UNHEX(REPLACE('554ff796-5807-4f6a-a57e-8f9ae74db7cb', '-','')), 92, 'stykk');
INSERT INTO recipe_ingredient VALUES (0.5, UNHEX(REPLACE('554ff796-5807-4f6a-a57e-8f9ae74db7cb', '-','')), 197, 'desiliter');
INSERT INTO recipe_ingredient VALUES (0.5, UNHEX(REPLACE('554ff796-5807-4f6a-a57e-8f9ae74db7cb', '-','')), 198, 'desiliter');
INSERT INTO recipe_ingredient VALUES (1.0, UNHEX(REPLACE('554ff796-5807-4f6a-a57e-8f9ae74db7cb', '-','')), 59, 'spiseskje');
INSERT INTO recipe_ingredient VALUES (0.5, UNHEX(REPLACE('554ff796-5807-4f6a-a57e-8f9ae74db7cb', '-','')), 199, 'desiliter');
INSERT INTO recipe_ingredient VALUES (0.25, UNHEX(REPLACE('18e9c239-250c-4957-bcc2-b21da4fd4be1', '-','')), 68, 'stykk');
INSERT INTO recipe_ingredient VALUES (0.5, UNHEX(REPLACE('18e9c239-250c-4957-bcc2-b21da4fd4be1', '-','')), 50, 'stykk');
INSERT INTO recipe_ingredient VALUES (0.5, UNHEX(REPLACE('18e9c239-250c-4957-bcc2-b21da4fd4be1', '-','')), 28, 'spiseskje');
INSERT INTO recipe_ingredient VALUES (50.0, UNHEX(REPLACE('18e9c239-250c-4957-bcc2-b21da4fd4be1', '-','')), 200, 'gram');
INSERT INTO recipe_ingredient VALUES (1.5, UNHEX(REPLACE('18e9c239-250c-4957-bcc2-b21da4fd4be1', '-','')), 87, 'desiliter');
INSERT INTO recipe_ingredient VALUES (0.25, UNHEX(REPLACE('18e9c239-250c-4957-bcc2-b21da4fd4be1', '-','')), 139, 'desiliter');
INSERT INTO recipe_ingredient VALUES (0.0, UNHEX(REPLACE('18e9c239-250c-4957-bcc2-b21da4fd4be1', '-','')), 25, 'stykk');
INSERT INTO recipe_ingredient VALUES (0.0, UNHEX(REPLACE('18e9c239-250c-4957-bcc2-b21da4fd4be1', '-','')), 166, 'stykk');
INSERT INTO recipe_ingredient VALUES (0.0, UNHEX(REPLACE('18e9c239-250c-4957-bcc2-b21da4fd4be1', '-','')), 201, 'stykk');
INSERT INTO recipe_ingredient VALUES (0.0, UNHEX(REPLACE('18e9c239-250c-4957-bcc2-b21da4fd4be1', '-','')), 202, 'stykk');
INSERT INTO recipe_ingredient VALUES (0.25, UNHEX(REPLACE('98b836bd-48f5-4d5c-8d7d-7a67e9abaae4', '-','')), 203, 'stykk');
INSERT INTO recipe_ingredient VALUES (2.0, UNHEX(REPLACE('98b836bd-48f5-4d5c-8d7d-7a67e9abaae4', '-','')), 19, 'desiliter');
INSERT INTO recipe_ingredient VALUES (50.0, UNHEX(REPLACE('98b836bd-48f5-4d5c-8d7d-7a67e9abaae4', '-','')), 146, 'gram');
INSERT INTO recipe_ingredient VALUES (50.0, UNHEX(REPLACE('98b836bd-48f5-4d5c-8d7d-7a67e9abaae4', '-','')), 204, 'gram');
INSERT INTO recipe_ingredient VALUES (50.0, UNHEX(REPLACE('98b836bd-48f5-4d5c-8d7d-7a67e9abaae4', '-','')), 147, 'gram');
INSERT INTO recipe_ingredient VALUES (25.0, UNHEX(REPLACE('98b836bd-48f5-4d5c-8d7d-7a67e9abaae4', '-','')), 205, 'gram');
INSERT INTO recipe_ingredient VALUES (0.25, UNHEX(REPLACE('98b836bd-48f5-4d5c-8d7d-7a67e9abaae4', '-','')), 68, 'stykk');
INSERT INTO recipe_ingredient VALUES (62.5, UNHEX(REPLACE('98b836bd-48f5-4d5c-8d7d-7a67e9abaae4', '-','')), 125, 'gram');
INSERT INTO recipe_ingredient VALUES (0.25, UNHEX(REPLACE('98b836bd-48f5-4d5c-8d7d-7a67e9abaae4', '-','')), 206, 'spiseskje');
INSERT INTO recipe_ingredient VALUES (0.0, UNHEX(REPLACE('98b836bd-48f5-4d5c-8d7d-7a67e9abaae4', '-','')), 181, 'stykk');
INSERT INTO recipe_ingredient VALUES (0.0, UNHEX(REPLACE('98b836bd-48f5-4d5c-8d7d-7a67e9abaae4', '-','')), 25, 'stykk');
INSERT INTO recipe_ingredient VALUES (0.25, UNHEX(REPLACE('a9135e88-4ce8-442d-955b-58040944794d', '-','')), 207, 'stykk');
INSERT INTO recipe_ingredient VALUES (0.5, UNHEX(REPLACE('a9135e88-4ce8-442d-955b-58040944794d', '-','')), 208, 'stykk');
INSERT INTO recipe_ingredient VALUES (0.25, UNHEX(REPLACE('a9135e88-4ce8-442d-955b-58040944794d', '-','')), 16, 'stykk');
INSERT INTO recipe_ingredient VALUES (0.25, UNHEX(REPLACE('a9135e88-4ce8-442d-955b-58040944794d', '-','')), 162, 'stykk');
INSERT INTO recipe_ingredient VALUES (0.5, UNHEX(REPLACE('a9135e88-4ce8-442d-955b-58040944794d', '-','')), 8, 'spiseskje');
INSERT INTO recipe_ingredient VALUES (0.5, UNHEX(REPLACE('a9135e88-4ce8-442d-955b-58040944794d', '-','')), 180, 'spiseskje');
INSERT INTO recipe_ingredient VALUES (1.0, UNHEX(REPLACE('a9135e88-4ce8-442d-955b-58040944794d', '-','')), 159, 'stykk');
INSERT INTO recipe_ingredient VALUES (0.5, UNHEX(REPLACE('a9135e88-4ce8-442d-955b-58040944794d', '-','')), 209, 'desiliter');
INSERT INTO recipe_ingredient VALUES (0.125, UNHEX(REPLACE('a9135e88-4ce8-442d-955b-58040944794d', '-','')), 210, 'stykk');
INSERT INTO recipe_ingredient VALUES (200.0, UNHEX(REPLACE('3159014b-fa3b-4b4e-ba60-ce7a349c5392', '-','')), 214, 'gram');
INSERT INTO recipe_ingredient VALUES (25.0, UNHEX(REPLACE('3159014b-fa3b-4b4e-ba60-ce7a349c5392', '-','')), 215, 'gram');
INSERT INTO recipe_ingredient VALUES (0.5, UNHEX(REPLACE('3159014b-fa3b-4b4e-ba60-ce7a349c5392', '-','')), 146, 'stykk');
INSERT INTO recipe_ingredient VALUES (50.0, UNHEX(REPLACE('3159014b-fa3b-4b4e-ba60-ce7a349c5392', '-','')), 216, 'gram');
INSERT INTO recipe_ingredient VALUES (0.5, UNHEX(REPLACE('3159014b-fa3b-4b4e-ba60-ce7a349c5392', '-','')), 168, 'stykk');
INSERT INTO recipe_ingredient VALUES (1.25, UNHEX(REPLACE('3159014b-fa3b-4b4e-ba60-ce7a349c5392', '-','')), 217, 'desiliter');
INSERT INTO recipe_ingredient VALUES (0.25, UNHEX(REPLACE('3159014b-fa3b-4b4e-ba60-ce7a349c5392', '-','')), 59, 'desiliter');
INSERT INTO recipe_ingredient VALUES (2.5, UNHEX(REPLACE('3159014b-fa3b-4b4e-ba60-ce7a349c5392', '-','')), 218, 'stykk');
INSERT INTO recipe_ingredient VALUES (0.5, UNHEX(REPLACE('3159014b-fa3b-4b4e-ba60-ce7a349c5392', '-','')), 85, 'spiseskje');
INSERT INTO recipe_ingredient VALUES (0.75, UNHEX(REPLACE('3159014b-fa3b-4b4e-ba60-ce7a349c5392', '-','')), 219, 'desiliter');
INSERT INTO recipe_ingredient VALUES (0.625, UNHEX(REPLACE('3159014b-fa3b-4b4e-ba60-ce7a349c5392', '-','')), 220, 'desiliter');
INSERT INTO recipe_ingredient VALUES (0.125, UNHEX(REPLACE('3159014b-fa3b-4b4e-ba60-ce7a349c5392', '-','')), 65, 'stykk');
